dep,nomdep,pop2017,propf2017,propf0142017,propf15392017,propf40592017,propf60p2017,prop0142017,prop15392017,prop40592017,prop60p2017,pop2018,propf2018,propf0142018,propf15392018,propf40592018,propf60p2018,prop0142018,prop15392018,prop40592018,prop60p2018,pop2019,propf2019,propf0142019,propf15392019,propf40592019,propf60p2019,prop0142019,prop15392019,prop40592019,prop60p2019,pop2020,propf2020,propf0142020,propf15392020,propf40592020,propf60p2020,prop0142020,prop15392020,prop40592020,prop60p2020,pop2021,propf2021,propf0142021,propf15392021,propf40592021,propf60p2021,prop0142021,prop15392021,prop40592021,prop60p2021,pop2022,propf2022,propf0142022,propf15392022,propf40592022,propf60p2022,prop0142022,prop15392022,prop40592022,prop60p2022
01,AIN,646053,0.50665659,0.48881075,0.49478325,0.50122732,0.54362828,0.19940934,0.29062787,0.27935323,0.23060957,653707,0.50679737,0.48830667,0.49531442,0.50156838,0.54293162,0.19845589,0.28844267,0.27944475,0.23365667,661451,0.50689018,0.48761451,0.49592623,0.50189573,0.54215336,0.19756112,0.28631449,0.27952334,0.23660105,669238,0.50705427,0.48717716,0.49647987,0.50226617,0.54152471,0.1967596,0.28419039,0.27957469,0.23947534,677151,0.5071941,0.48682308,0.49706605,0.50254041,0.54084373,0.19601536,0.28212172,0.27961266,0.24225025,685222,0.50731003,0.48632669,0.49760076,0.50284672,0.54023272,0.19526665,0.28010631,0.27965391,0.24497317
02,AISNE,535317,0.51208723,0.48695481,0.49599549,0.50290596,0.55644977,0.18930839,0.28105778,0.26549128,0.26414254,535096,0.51179975,0.48686364,0.49551359,0.50279534,0.55486059,0.18828584,0.27846405,0.26374519,0.2695049,535217,0.51130289,0.4864935,0.49473912,0.50257576,0.55318296,0.18744174,0.27595162,0.26186013,0.27474651,535806,0.51078564,0.48604324,0.49376091,0.50242615,0.55169904,0.18674482,0.27341241,0.26001203,0.27983075,536769,0.51023626,0.48588955,0.49282041,0.50203174,0.5501498,0.18616202,0.2709024,0.25811663,0.28481898,538165,0.50976747,0.48589668,0.49187648,0.50176984,0.54872,0.18570699,0.26842511,0.25617793,0.28968996
03,ALLIER,338589,0.52253914,0.4899593,0.49626368,0.51367396,0.56235147,0.15236762,0.2387201,0.26717937,0.34173289,338133,0.52251631,0.48868841,0.49605176,0.51531851,0.56085271,0.15177163,0.23632416,0.26507321,0.34683099,337830,0.52252614,0.48733148,0.495983,0.5171808,0.55930507,0.15129207,0.23396087,0.26291329,0.35183376,337651,0.52257508,0.48602629,0.49592197,0.51915127,0.55782992,0.15079771,0.23167117,0.26073074,0.35680038,337650,0.52259439,0.4848139,0.49569404,0.52111065,0.55644011,0.15046054,0.2293825,0.25855768,0.3615993,337854,0.5225867,0.48365548,0.49546555,0.5230304,0.55506086,0.15021577,0.22715729,0.25633261,0.36629432
04,ALPES-DE-HAUTE-PROVENCE,163249,0.51309961,0.4809019,0.49509084,0.51321572,0.54197013,0.15892901,0.24207193,0.27184853,0.32715055,163833,0.51274163,0.48160329,0.49417201,0.51340806,0.54050267,0.15776432,0.24036062,0.27063534,0.33123973,164476,0.51248205,0.48230913,0.49366638,0.51348364,0.53916448,0.15671587,0.23854545,0.26941925,0.33531943,165268,0.51231939,0.48299319,0.49308002,0.5140183,0.53787959,0.15565626,0.23696057,0.26826125,0.33912191,166123,0.51215065,0.48359987,0.49268728,0.5144583,0.53660679,0.15471067,0.23542796,0.26708522,0.34277615,167076,0.51185685,0.48370412,0.49247697,0.51463109,0.53532785,0.15389404,0.23390552,0.26590294,0.3462975
05,HAUTES-ALPES,142073,0.50932264,0.47662216,0.48958826,0.50563097,0.54703557,0.16770253,0.25317267,0.27437302,0.30475178,143087,0.50874645,0.47257861,0.48870379,0.50604391,0.54677182,0.16668181,0.25087535,0.27231684,0.31012601,144162,0.50823379,0.46868587,0.48772869,0.5065428,0.5466224,0.16558455,0.24872018,0.27034864,0.31534663,145322,0.50764507,0.46512404,0.48660192,0.50674152,0.54647416,0.16475138,0.2465284,0.26845214,0.32026809,146578,0.50696558,0.46133688,0.48556674,0.50646096,0.54649842,0.16401507,0.24437501,0.26662254,0.32498738,147898,0.50629491,0.45807281,0.48445785,0.50615174,0.546363,0.16328146,0.24231565,0.26488525,0.32951763
06,ALPES-MARITIMES,1084262,0.52753395,0.48829636,0.50675231,0.51974165,0.5733496,0.15721293,0.27488467,0.26372224,0.30418018,1084768,0.52779025,0.48917755,0.50734282,0.51955581,0.57268173,0.15690175,0.27262142,0.26308668,0.30739015,1085305,0.52804697,0.49000195,0.50795251,0.51937377,0.57205367,0.15662234,0.27036548,0.26243129,0.31058091,1085867,0.52830869,0.49089763,0.50855583,0.51918709,0.57143319,0.15631381,0.26812309,0.26177606,0.31378704,1086485,0.52855951,0.49177107,0.50916141,0.51899093,0.57082456,0.15602976,0.26588035,0.26113015,0.31695974,1087154,0.52881378,0.49266949,0.50976908,0.51878405,0.57024962,0.15578382,0.26364067,0.26046541,0.32011011
07,ARDECHE,326850,0.51302433,0.49343908,0.49900708,0.49874642,0.54754406,0.17090714,0.24342053,0.27579013,0.30988222,328626,0.51301479,0.49463114,0.49921688,0.49835643,0.54642594,0.17031823,0.24091215,0.27494171,0.31382787,330461,0.51301664,0.49592742,0.49942228,0.49812937,0.54519737,0.16978402,0.23833069,0.27419573,0.31768954,332428,0.51296824,0.49699855,0.49950895,0.49774387,0.54420394,0.16937803,0.23584355,0.27333438,0.32144403,334586,0.51288456,0.4982051,0.49944314,0.49741694,0.54313982,0.16901185,0.23346762,0.27248898,0.32503152,336912,0.51276892,0.49926981,0.49945435,0.49696797,0.54214072,0.1686939,0.231185,0.27165255,0.32846856
08,ARDENNES,274511,0.5136115,0.49210906,0.49830362,0.50072759,0.55482513,0.17888901,0.26950103,0.27287433,0.27873564,273679,0.51388305,0.49266815,0.4991475,0.50105697,0.55292541,0.17716742,0.26574197,0.27137268,0.28571793,273057,0.51416373,0.49346665,0.50007689,0.50120705,0.55114019,0.17545055,0.26191235,0.27003154,0.29260558,272667,0.51444805,0.49420899,0.50104409,0.5014472,0.54942602,0.17384209,0.25817207,0.2686207,0.29936516,272452,0.51457506,0.49490047,0.50153607,0.50158036,0.54783779,0.17237899,0.25447786,0.26708558,0.30605757,272481,0.51469642,0.49551329,0.50229746,0.50174093,0.54613966,0.17095503,0.25079179,0.26561853,0.31263465
09,ARIEGE,153288,0.50984424,0.49399549,0.48106667,0.5071823,0.54089308,0.1564506,0.23998617,0.27748421,0.32607901,153773,0.50995296,0.49667934,0.4785859,0.50853586,0.53998697,0.15569054,0.23747993,0.27693418,0.32989538,154383,0.51008207,0.49993739,0.47586358,0.50990862,0.5390684,0.15519196,0.23495463,0.27652007,0.33333334,155190,0.5099104,0.50230873,0.47316477,0.51071227,0.53812867,0.15490045,0.23243766,0.27610028,0.33656162,156119,0.50976497,0.50532156,0.47007522,0.51138002,0.53734159,0.15467048,0.22988874,0.27580243,0.33963835,157232,0.50955278,0.50767267,0.46742684,0.51188362,0.53651881,0.15459321,0.22756818,0.27535743,0.34248117
10,AUBE,310397,0.51717961,0.49434388,0.49694669,0.50722265,0.56255198,0.1822698,0.28277978,0.26004761,0.27490279,311967,0.51785928,0.4949612,0.49844813,0.50726688,0.56231421,0.182577,0.28091434,0.2582677,0.27824098,313662,0.51843065,0.49582615,0.49976575,0.50710946,0.56193238,0.18293896,0.27902329,0.2565054,0.28153235,315618,0.51900399,0.49668428,0.50107431,0.50702912,0.56156909,0.18346862,0.27722752,0.25467494,0.2846289,317752,0.51954353,0.4976753,0.5021593,0.50692654,0.56128871,0.18411213,0.27546009,0.25284812,0.28757963,320075,0.51996565,0.49848637,0.50313842,0.50668722,0.56097692,0.18473482,0.27376083,0.25111926,0.29038507
11,AUDE,370042,0.51680893,0.48240042,0.50454468,0.51241493,0.54654336,0.1620708,0.24528296,0.26479968,0.32784656,372098,0.51653326,0.48073325,0.50497431,0.51259953,0.54532045,0.16082861,0.24258125,0.26321024,0.33337992,374346,0.51623362,0.47914505,0.50548816,0.51262832,0.54411823,0.15972923,0.23996517,0.26156282,0.33874276,376807,0.51592195,0.47751588,0.50573289,0.51282179,0.54303002,0.15875502,0.23747967,0.25986513,0.3439002,379453,0.51550519,0.47591156,0.50583053,0.51294327,0.54184294,0.1579247,0.23503833,0.25817689,0.34886006,382259,0.51518476,0.47446847,0.50598145,0.51305294,0.5408752,0.15712646,0.2326747,0.25653288,0.35366598
12,AVEYRON,280601,0.50754988,0.48467901,0.4810451,0.49344781,0.54756844,0.15549837,0.23774327,0.26651368,0.34024468,282634,0.50682157,0.48472759,0.47991785,0.49272093,0.54615843,0.15521841,0.2359978,0.2651521,0.34363168,284761,0.50621396,0.48480728,0.47869614,0.49219936,0.54502386,0.1549826,0.2343193,0.26380721,0.3468909,287006,0.50548422,0.4849357,0.4773837,0.49143115,0.5438053,0.1549654,0.23262928,0.26247185,0.34993345,289387,0.50482571,0.48493767,0.47621256,0.49095815,0.54255915,0.1549724,0.23097789,0.26121768,0.35283202,291870,0.50428271,0.48517936,0.47517994,0.4904457,0.54150409,0.15500394,0.22942406,0.2599856,0.35558638
13,BOUCHES-DU-RHONE,2028201,0.52127922,0.48675755,0.50726098,0.51939255,0.56328875,0.17782162,0.30142379,0.26226741,0.25848719,2036882,0.52104002,0.4860796,0.50746477,0.51869798,0.56264281,0.17769857,0.29918081,0.2614511,0.26166955,2045583,0.52080899,0.48541942,0.50767469,0.5180186,0.56201327,0.17758116,0.29695788,0.26063132,0.26482964,2054272,0.52057713,0.48475513,0.50788754,0.51734227,0.56139594,0.17745897,0.2947565,0.25982586,0.26795867,2062982,0.52034581,0.48409483,0.50810105,0.51665258,0.56080806,0.17734328,0.29256824,0.25902358,0.27106491,2071715,0.52011013,0.48343509,0.50830418,0.51597625,0.56021976,0.17722611,0.29039997,0.25823146,0.27414244
14,CALVADOS,708156,0.51850015,0.48467132,0.50196654,0.50793469,0.56810641,0.17825733,0.29046282,0.25796434,0.27331549,722255,0.51811481,0.48431292,0.50155872,0.50747728,0.56671035,0.17806593,0.2873542,0.25664341,0.27793646,736518,0.51773888,0.48383233,0.50117218,0.5070194,0.56548584,0.17795084,0.28436914,0.25532302,0.28235698,750978,0.51730013,0.48325795,0.5007143,0.50655872,0.56424099,0.17784277,0.28149161,0.25408867,0.28657696,765670,0.51692635,0.48278117,0.50026941,0.50609171,0.56323069,0.17782988,0.2787219,0.25288048,0.29056773,780675,0.51656449,0.48227942,0.49985385,0.50576156,0.56219864,0.17789477,0.27609825,0.25167194,0.29433504
15,CANTAL,146431,0.50906569,0.49278823,0.47991627,0.4942975,0.546022,0.14298885,0.2251026,0.2796334,0.35227513,146881,0.50791454,0.49135673,0.47747859,0.49511737,0.54340947,0.14296608,0.22173733,0.27817756,0.35711902,147405,0.50677383,0.49058393,0.47450736,0.49574578,0.54111338,0.14301415,0.21861538,0.27667311,0.36169738,148138,0.50564337,0.48992562,0.47167861,0.49638045,0.53877658,0.14339332,0.21558952,0.2750881,0.36592907,148948,0.50452507,0.48921669,0.46908551,0.49682093,0.5365274,0.143822,0.21261111,0.27348471,0.37008217,149894,0.50340909,0.48866895,0.46664122,0.49712884,0.53427494,0.1442486,0.20978825,0.27185878,0.37410438
16,CHARENTE,354447,0.51600665,0.48825338,0.48759091,0.51421481,0.55317056,0.15695718,0.24986528,0.27181214,0.32136539,355855,0.51620179,0.48926181,0.48723736,0.51503652,0.55202174,0.15623218,0.24770764,0.26949179,0.32656839,357482,0.51646799,0.49076855,0.48690552,0.51593584,0.55084175,0.15560225,0.24556482,0.2671687,0.33166426,359272,0.51673383,0.49220222,0.48675653,0.5166989,0.54975271,0.15509419,0.24348405,0.26485783,0.33656394,361261,0.51698631,0.49393472,0.48648092,0.51749301,0.54863566,0.15471363,0.24150683,0.26251933,0.34126019,363499,0.5172559,0.49533111,0.48645359,0.5182147,0.54765427,0.15437731,0.23953573,0.26023179,0.34585515
17,CHARENTE-MARITIME,645728,0.52195662,0.49535295,0.4962053,0.51583308,0.55700707,0.15346245,0.24506758,0.25958917,0.3418808,649388,0.52249193,0.49703225,0.49644837,0.51598024,0.55660051,0.15229262,0.24215262,0.25777194,0.34778285,653114,0.52296996,0.49883524,0.49655071,0.51600283,0.55620992,0.15117116,0.23925991,0.25598747,0.35358146,657048,0.52346706,0.50069439,0.49663281,0.51608598,0.55586481,0.15013058,0.23639369,0.254228,0.35924771,661078,0.52392,0.50245959,0.49676234,0.51613772,0.55547261,0.14913973,0.23360632,0.25247702,0.36477694,665303,0.52437609,0.50410551,0.49677646,0.5162729,0.55519682,0.1482753,0.23080912,0.25077596,0.37013963
18,CHER,306105,0.5147711,0.49043241,0.48862749,0.50406969,0.55611813,0.16235933,0.24661146,0.2697179,0.32131132,305271,0.51486057,0.49065024,0.48833081,0.50358814,0.55595154,0.16221653,0.24352461,0.26794881,0.32631007,304432,0.51489657,0.49086082,0.48813167,0.50298131,0.55565691,0.1620986,0.24051347,0.26608568,0.33130223,303783,0.51487082,0.49080241,0.48779914,0.50235444,0.55543369,0.16212888,0.23742606,0.26424783,0.33619723,303343,0.51481324,0.49058482,0.48759493,0.50177807,0.55508399,0.16228823,0.23438813,0.2623466,0.34097704,303046,0.51477003,0.49034536,0.48759729,0.5011152,0.55474085,0.16251989,0.23146981,0.26038951,0.34562081
19,CORREZE,242193,0.51399088,0.48193067,0.47988367,0.50423038,0.56082094,0.15184171,0.247022,0.26255095,0.33858535,242458,0.51349515,0.47920051,0.47984701,0.50465715,0.55969071,0.1522903,0.24589413,0.25992543,0.34189016,242812,0.51284945,0.47658691,0.47971791,0.50475264,0.55844235,0.152859,0.24468313,0.25736785,0.34509003,243367,0.51235789,0.47420692,0.47973886,0.50515181,0.55727756,0.15349247,0.2435663,0.25482914,0.34811211,243952,0.51179332,0.47200531,0.47971717,0.50543666,0.55598229,0.15433364,0.24231817,0.25220945,0.35113874,244724,0.51123309,0.4695785,0.47956833,0.50580245,0.55490649,0.1552075,0.24119416,0.24964859,0.35394976
21,COTE-D'OR,534306,0.51596278,0.48712966,0.49972966,0.50931841,0.55939996,0.16664982,0.30806503,0.25979683,0.26548833,536331,0.51597053,0.48753053,0.49911609,0.50986844,0.5585205,0.16642335,0.30586708,0.25827706,0.26943249,538743,0.51598072,0.48806322,0.4985638,0.51044047,0.55753607,0.16630749,0.30371809,0.25672352,0.27325088,541470,0.51600271,0.48877066,0.49792627,0.51106173,0.55656356,0.1662733,0.30146268,0.25519234,0.27707168,544542,0.51605386,0.48950401,0.49737325,0.5115338,0.55578232,0.16638938,0.29922393,0.25363702,0.28074971,547979,0.51610005,0.49025685,0.49686021,0.51207381,0.55490452,0.1666031,0.29700044,0.25203338,0.28436309
22,COTES-D'ARMOR,604870,0.51849651,0.4917984,0.49588937,0.50081676,0.56351674,0.17234778,0.23990445,0.26213071,0.32561707,609462,0.51882482,0.49285659,0.49709645,0.50064766,0.56224614,0.17181055,0.23677604,0.26094162,0.33047178,614169,0.5191682,0.49395266,0.49840114,0.50043571,0.5610525,0.17137465,0.23371254,0.25970864,0.33520415,618924,0.51948702,0.49490568,0.49966034,0.50023437,0.55995703,0.1709483,0.23071492,0.25849861,0.33983818,623834,0.51977289,0.49586481,0.50094306,0.50002491,0.55882984,0.17056461,0.22777534,0.25732806,0.34433198,629030,0.52000064,0.49666667,0.5019359,0.49995345,0.55778134,0.17026214,0.22500993,0.25609431,0.34863362
23,CREUSE,119519,0.51185167,0.48581323,0.47515282,0.50536078,0.5457111,0.13771032,0.21079494,0.2661083,0.38538644,119377,0.51176524,0.48703784,0.47319198,0.50729775,0.54390991,0.13797465,0.20779547,0.26228669,0.39194319,119376,0.51171088,0.48886064,0.47089818,0.50947678,0.54213852,0.13836952,0.20509148,0.25855282,0.3979862,119495,0.51148582,0.49021968,0.46856245,0.5113737,0.54036802,0.13904348,0.20217583,0.2549479,0.40383279,119755,0.51126051,0.4921847,0.46626768,0.51323962,0.5385102,0.13996911,0.19952403,0.25133815,0.40916872,120178,0.51118344,0.49355716,0.46476552,0.51537013,0.53673279,0.14077452,0.19695784,0.24794887,0.41431877
24,DORDOGNE,417634,0.5193423,0.48635983,0.49469578,0.51871991,0.54867607,0.14561315,0.22525944,0.27039945,0.35872799,420360,0.51931918,0.48529196,0.49478778,0.52016705,0.54730159,0.1450019,0.22272813,0.26883149,0.36343849,423252,0.51931947,0.48451063,0.49492642,0.52156156,0.54596591,0.1445262,0.22026594,0.26725921,0.36794865,426407,0.51923162,0.48376918,0.49484903,0.52276802,0.54471457,0.14420027,0.21785524,0.26569685,0.37224764,429848,0.51901835,0.48280093,0.49470663,0.52385944,0.54341173,0.14405558,0.21557155,0.26404217,0.3763307,433626,0.51872581,0.48175675,0.49447855,0.52481133,0.54214376,0.14398122,0.21342815,0.26252809,0.38006255
25,DOUBS,541140,0.50953174,0.48188373,0.4931882,0.50708854,0.55303895,0.18580219,0.31048712,0.25469935,0.24901135,544132,0.50957119,0.48122922,0.49314481,0.50744206,0.55255979,0.18563142,0.30789772,0.25386119,0.25260967,547435,0.50963676,0.48045093,0.49306399,0.5079987,0.55216616,0.18552887,0.3053714,0.25303826,0.25606146,550897,0.50967425,0.47980896,0.49307603,0.50832146,0.55169135,0.18546842,0.30280071,0.25216693,0.25956395,554578,0.50972629,0.47934994,0.49298084,0.50856435,0.5514006,0.18551223,0.30030763,0.25128475,0.26289541,558422,0.50978827,0.47880584,0.49292234,0.50890189,0.55109704,0.18558903,0.29779989,0.25045216,0.26615894
26,DROME,511940,0.51408172,0.49083188,0.49262384,0.50998652,0.5546065,0.18674649,0.27157283,0.26405829,0.27762237,516226,0.51369554,0.49106994,0.49125984,0.50945336,0.55412668,0.18655396,0.26962027,0.26229209,0.28153366,520615,0.5133006,0.49143529,0.489869,0.5088622,0.55360979,0.18636805,0.2677103,0.26052266,0.28539899,525067,0.51288885,0.49155766,0.48848453,0.50829953,0.55316782,0.18622576,0.2658613,0.2587308,0.28918216,529629,0.51254743,0.49180445,0.48720992,0.50780576,0.55274135,0.18614917,0.26402444,0.25700444,0.29282194,534348,0.51230282,0.49235395,0.48595491,0.50738609,0.55238068,0.186139,0.2622261,0.25527373,0.29636118
27,EURE,612082,0.51355702,0.49121743,0.50004089,0.50492585,0.55626398,0.19960397,0.27987427,0.27246839,0.24805337,621469,0.51404655,0.49199986,0.50012213,0.50517178,0.55625606,0.19912176,0.27668637,0.2717706,0.25242129,630881,0.51451224,0.49292448,0.50016797,0.50545955,0.55608261,0.19870943,0.27363321,0.27102575,0.25663161,640598,0.51494229,0.49363384,0.50023073,0.50569451,0.55602264,0.19837402,0.2706596,0.27029431,0.26067206,650496,0.5153237,0.49441811,0.50024974,0.5058344,0.55591524,0.19815494,0.26778489,0.26954815,0.264512,660683,0.51563609,0.49493188,0.50029135,0.50599027,0.55575055,0.19800419,0.26495612,0.26884604,0.26819366
28,EURE-ET-LOIR,436832,0.51290888,0.49368882,0.49898621,0.50427002,0.55045968,0.19387545,0.27322632,0.27019998,0.26269823,439792,0.51339954,0.49457476,0.49925771,0.5045777,0.55005515,0.1930026,0.26956379,0.26946601,0.26796758,442851,0.51392001,0.49557865,0.49949488,0.50484532,0.54981887,0.19228815,0.2659969,0.2686705,0.27304444,446122,0.51441312,0.49652639,0.49973518,0.50517118,0.5494954,0.1916561,0.26239458,0.26788187,0.27806744,449508,0.5149408,0.49740419,0.50004297,0.50550538,0.54931915,0.19111562,0.25882521,0.26710093,0.28295827,453084,0.51543862,0.49830478,0.50024629,0.50597626,0.54905152,0.19073506,0.2553809,0.26627293,0.28761113
29,FINISTERE,911269,0.51381534,0.4869214,0.48405865,0.49977794,0.57004237,0.16877672,0.27067089,0.26933759,0.29121476,914162,0.51353592,0.48634842,0.4837482,0.49991849,0.5683164,0.16767159,0.26816034,0.26841414,0.29575393,917115,0.51328456,0.48585287,0.48343301,0.50011009,0.56665468,0.16659525,0.26566678,0.26748446,0.30025351,920115,0.51300871,0.4853138,0.48305449,0.50027728,0.56506789,0.16554452,0.26321492,0.26653841,0.30470213,923211,0.51274735,0.48489237,0.48262715,0.50047314,0.56353068,0.16450952,0.26080495,0.26557526,0.30911025,926365,0.51250207,0.48450136,0.48223355,0.50065267,0.56206393,0.16350466,0.25841218,0.26462355,0.3134596
2A,CORSE-DU-SUD,155967,0.51569885,0.48005715,0.51224852,0.50826484,0.54416335,0.1525515,0.26958266,0.28082862,0.29703718,157674,0.51574767,0.47947374,0.51322377,0.50799549,0.5436247,0.15232696,0.2673808,0.28000811,0.30028412,159361,0.51581627,0.4791598,0.51421613,0.50773382,0.54300952,0.15205728,0.26528448,0.27911472,0.30354354,161063,0.51588511,0.4786129,0.5150786,0.50744969,0.54268479,0.15182878,0.26311442,0.27836314,0.30669364,162767,0.51590925,0.47828376,0.51606447,0.50717068,0.54203033,0.15164007,0.26101729,0.27759928,0.30974337,164491,0.51607078,0.47783846,0.51702529,0.50705093,0.54177356,0.15142469,0.25905976,0.27676895,0.31274658
2B,HAUTE-CORSE,177652,0.51257515,0.48696727,0.50166601,0.50829595,0.54086065,0.15505596,0.28211898,0.27242586,0.29039919,179203,0.51338983,0.48835289,0.50345558,0.50941497,0.53976667,0.15547173,0.27937034,0.27145752,0.29370043,180712,0.51431561,0.49009302,0.5055176,0.51037019,0.53883439,0.15583913,0.27680507,0.27054098,0.29681483,182288,0.51514637,0.49154684,0.50725508,0.51163924,0.53781849,0.15640086,0.27409923,0.26959535,0.29990456,183866,0.51594096,0.49311745,0.50922382,0.51252884,0.53680825,0.1568588,0.27152926,0.26870656,0.30290538,185444,0.51673281,0.49457026,0.51106614,0.51356143,0.53590322,0.1574114,0.26898685,0.2678059,0.30579582
30,GARD,746815,0.51766634,0.49081191,0.49905065,0.51640391,0.55205703,0.17437117,0.26798338,0.26663765,0.29100782,751636,0.51751781,0.49112535,0.4981806,0.51649272,0.55125546,0.17337514,0.26580819,0.26479173,0.29602495,756553,0.51737154,0.49128145,0.49733552,0.51666188,0.55049634,0.1724519,0.26366559,0.26293862,0.30094388,761608,0.51719254,0.49148664,0.49646115,0.51679581,0.54968995,0.17158039,0.26157552,0.26106474,0.30577934,766813,0.51704133,0.49163648,0.49569106,0.51693344,0.54894501,0.17074046,0.2595222,0.25922617,0.31051117,772082,0.51682985,0.49161401,0.49481201,0.5170635,0.54823303,0.16997029,0.25751799,0.25739235,0.31511939
31,HAUTE-GARONNE,1365963,0.51257759,0.48896718,0.50157005,0.50630838,0.55778956,0.17640522,0.35111639,0.25896382,0.21351457,1383874,0.5125922,0.48941204,0.50239658,0.50586277,0.55624175,0.17649005,0.35006365,0.25815427,0.21529199,1401995,0.51263022,0.48988411,0.50318587,0.50544399,0.55484426,0.17659193,0.34903976,0.25732189,0.21704642,1420299,0.51261181,0.49022239,0.50395381,0.50498325,0.55342317,0.17671068,0.34804994,0.25651008,0.2187293,1438872,0.51258695,0.49050769,0.5047127,0.50450605,0.55208892,0.17685312,0.34707534,0.25572255,0.220349,1457712,0.51255459,0.49073517,0.50546515,0.50404447,0.55078912,0.17700273,0.34613216,0.25493237,0.22193272
32,GERS,191354,0.50951642,0.48316732,0.49442485,0.50242156,0.53680426,0.15476552,0.22215371,0.27839503,0.34468576,192187,0.50869727,0.48238647,0.49412966,0.50141966,0.53535295,0.15523943,0.21937488,0.27671486,0.34867084,193266,0.5080511,0.48174697,0.49398023,0.50058305,0.5341683,0.15590948,0.21660303,0.2751027,0.35238481,194599,0.50738186,0.48146084,0.493687,0.49978384,0.53288269,0.15674798,0.21408126,0.27340838,0.35576236,196139,0.50667131,0.48097625,0.49329418,0.49892065,0.53171873,0.15771978,0.2117427,0.27160841,0.35892913,197879,0.50600618,0.4809671,0.49268445,0.49823096,0.53051132,0.15864746,0.20965843,0.2699579,0.36173621
33,GIRONDE,1588012,0.5204016,0.48919398,0.50775135,0.5130865,0.56629008,0.17223106,0.31679422,0.26436955,0.24660519,1609379,0.52037525,0.48940134,0.50809222,0.51256365,0.56561238,0.17206761,0.31554595,0.2634072,0.24897927,1630950,0.52033848,0.48956153,0.50841922,0.51203012,0.56498897,0.17195684,0.31431866,0.26245502,0.25126952,1652668,0.52030897,0.48972452,0.50876284,0.51153851,0.56435972,0.17188813,0.3131125,0.26151896,0.25348043,1674569,0.52026165,0.48985827,0.50907397,0.51104182,0.56375468,0.17184781,0.31194416,0.2605966,0.25561145,1696720,0.52021313,0.48995733,0.50938833,0.51057655,0.56315732,0.17183506,0.31080908,0.25967631,0.25767952
34,HERAULT,1146653,0.52093005,0.48622626,0.50721979,0.51793551,0.56078386,0.16810492,0.30844641,0.25202045,0.27142823,1160985,0.52077419,0.48603541,0.50705522,0.51716131,0.56065434,0.16783163,0.30692214,0.2507526,0.27449363,1175350,0.52062958,0.48594248,0.50686258,0.51641512,0.5605194,0.16755944,0.30542135,0.24954014,0.27747905,1189860,0.52048898,0.48577815,0.50669205,0.51568347,0.56042039,0.16732641,0.30398449,0.24832334,0.28036577,1204412,0.5203228,0.48562315,0.50646746,0.51495177,0.56029248,0.16710311,0.30258748,0.24713886,0.28317055,1219090,0.52017409,0.48548371,0.5062604,0.51427174,0.56016237,0.16689579,0.30123287,0.24596953,0.28590178
35,ILLE-ET-VILAINE,1065235,0.51154625,0.48647159,0.49873275,0.50005418,0.56375349,0.19079264,0.32150277,0.25994077,0.22776383,1078184,0.51152122,0.48607209,0.49940562,0.49955943,0.56283534,0.19048604,0.31910786,0.25998622,0.23041986,1091198,0.51149839,0.48568097,0.5000217,0.49907851,0.56204224,0.1902093,0.3167482,0.26006004,0.23298247,1104240,0.5114767,0.48528814,0.50065517,0.49863172,0.56123108,0.18993063,0.31444705,0.26010832,0.23551401,1117324,0.51144344,0.48481831,0.50127292,0.49821627,0.56046635,0.18967909,0.3121798,0.26016179,0.23797931,1130512,0.51141959,0.48435077,0.50189924,0.49783286,0.55973959,0.18946813,0.30994895,0.26020864,0.24037427
36,INDRE,222332,0.51883221,0.49545428,0.5014447,0.50345922,0.55273288,0.1503967,0.22882447,0.27499866,0.34578019,221313,0.5192917,0.4965902,0.50358677,0.50389898,0.5510115,0.14907846,0.22549963,0.27407789,0.35134402,220425,0.51965523,0.49741074,0.50571567,0.50460273,0.54909694,0.1480549,0.2222434,0.27302709,0.35667461,219656,0.52009505,0.49842194,0.50817353,0.50511253,0.54737675,0.14713006,0.21889682,0.272039,0.36193413,219073,0.52054793,0.4995167,0.51065004,0.50571865,0.54569989,0.14639412,0.21559024,0.27099186,0.36702377,218620,0.5209679,0.50042361,0.51331609,0.50632077,0.54401261,0.14577349,0.21228616,0.26992956,0.3720108
37,INDRE-ET-LOIRE,609158,0.52147716,0.49266967,0.51264101,0.50716931,0.56296009,0.1740074,0.29076529,0.26206502,0.27316231,612128,0.52189082,0.49293008,0.51383322,0.50657469,0.56285369,0.1737643,0.28809497,0.26102221,0.2771185,615145,0.52228826,0.4932459,0.51498795,0.50595033,0.56274873,0.17353632,0.28547415,0.2599501,0.28103942,618248,0.52270287,0.49347863,0.51625502,0.50533468,0.56267995,0.17337056,0.28284603,0.2589317,0.2848517,621479,0.5230909,0.49379668,0.51740253,0.50467968,0.56265438,0.17327054,0.28025082,0.25788161,0.28859705,624882,0.52345085,0.49405393,0.51849848,0.50408083,0.56260097,0.17318949,0.27769724,0.25685808,0.29225516
38,ISERE,1262284,0.51075429,0.49206263,0.49666587,0.49931994,0.55696684,0.19188154,0.30425721,0.26734474,0.23651651,1272095,0.51121968,0.49337712,0.49727345,0.49846193,0.55711597,0.19121842,0.30128881,0.26730236,0.2401904,1281931,0.51164764,0.49458325,0.49784434,0.4976328,0.55724686,0.19059919,0.29836473,0.26725152,0.24378458,1291880,0.51206845,0.49578136,0.49845046,0.49679008,0.55735588,0.1900014,0.29548177,0.26719201,0.24732482,1301985,0.51249284,0.49699959,0.49900144,0.49599773,0.55751336,0.18942769,0.29267082,0.2671321,0.25076941,1312300,0.51289952,0.49818918,0.49954653,0.49522576,0.55763644,0.18894765,0.28987959,0.26702887,0.25414386
39,JURA,261713,0.51281363,0.48639908,0.49770975,0.50169694,0.55229759,0.17488241,0.25859624,0.27357832,0.29294303,262850,0.51309109,0.48623651,0.49864551,0.5017066,0.55168396,0.17400418,0.25559825,0.27308732,0.29731026,264318,0.51328701,0.48668572,0.49928105,0.50165147,0.55086946,0.17347665,0.25258967,0.27261102,0.30132264,265990,0.51366591,0.48760942,0.4999699,0.5016169,0.55039364,0.17310049,0.2496936,0.27204031,0.30516562,267943,0.51393396,0.48864913,0.50048387,0.50147754,0.54981142,0.17294723,0.24682115,0.27153909,0.30869251,270097,0.51418936,0.48959717,0.50094771,0.50140762,0.54928911,0.17296749,0.24416043,0.27091748,0.31195459
40,LANDES,408852,0.5144453,0.4829115,0.49350315,0.50850594,0.55241692,0.16331093,0.24696468,0.27489653,0.31482786,412384,0.5146805,0.48240229,0.49382716,0.50878674,0.55202997,0.16239476,0.24434508,0.27335444,0.31990573,416119,0.51483107,0.48157835,0.49424511,0.50893641,0.55164379,0.16169654,0.2417818,0.27174199,0.32477969,419969,0.5150404,0.48096007,0.49470583,0.50914091,0.55128819,0.16101426,0.2392748,0.27012947,0.32958147,423909,0.51517659,0.48028705,0.49518925,0.50922745,0.55087072,0.16041414,0.23684329,0.26855999,0.33418256,428062,0.51531786,0.47971207,0.49555573,0.50948066,0.55042988,0.15999785,0.234438,0.26698235,0.3385818
41,LOIR-ET-CHER,334254,0.51369619,0.49029729,0.49425909,0.50406343,0.55105668,0.17390367,0.24909799,0.26910374,0.30789459,335671,0.51375902,0.49125215,0.49422842,0.5039615,0.5501318,0.17351216,0.2464705,0.26809287,0.31192449,337227,0.51382601,0.49196973,0.49426293,0.50390911,0.54930753,0.17318898,0.24396624,0.26701894,0.31582585,338855,0.51382154,0.49282289,0.49409077,0.50384486,0.54838264,0.17290287,0.24146317,0.26595742,0.31967655,340623,0.51385844,0.49390462,0.49371225,0.50387329,0.54758638,0.1726689,0.23905608,0.26490578,0.32336923,342567,0.5138703,0.4949066,0.49322516,0.50377357,0.5469749,0.17250931,0.23676828,0.26379073,0.32693166
42,LOIRE,764509,0.51651973,0.48540315,0.49751708,0.50792372,0.56350803,0.18137132,0.28289792,0.25463271,0.28109807,767174,0.51630658,0.485268,0.49742198,0.50786901,0.56228477,0.1811623,0.28112265,0.25344184,0.28427318,769952,0.51607502,0.48512834,0.49730772,0.50779772,0.56106311,0.180997,0.2793135,0.25225338,0.2874361,772770,0.51589346,0.48505321,0.49722114,0.50782591,0.55989403,0.18081577,0.27754182,0.25109023,0.29055217,775698,0.5157007,0.48494861,0.49712753,0.50779134,0.5588038,0.18067986,0.27578646,0.24992844,0.29360524,778748,0.51553005,0.48499846,0.49709946,0.50777066,0.55765432,0.1805706,0.27403986,0.24878523,0.29660431
43,HAUTE-LOIRE,228178,0.50989139,0.49119955,0.4834922,0.49774587,0.55344886,0.1698148,0.24782845,0.28094295,0.3014138,228899,0.50994104,0.49155444,0.48224145,0.49872604,0.55268431,0.16837557,0.24526975,0.28119826,0.30515641,229717,0.50997096,0.49193358,0.48093343,0.49982986,0.55178732,0.16702725,0.24269862,0.28144196,0.30883217,230645,0.50994819,0.49193063,0.47967803,0.50079268,0.55105156,0.1657569,0.24023066,0.28169265,0.31231979,231670,0.50997972,0.49217254,0.47840452,0.50173014,0.55040878,0.16460915,0.2377563,0.28191826,0.31571633,232771,0.50986594,0.49197003,0.47718063,0.50250459,0.54965061,0.16344389,0.23533,0.28216144,0.31906465
44,LOIRE-ATLANTIQUE,1401312,0.5152964,0.49005499,0.49747005,0.50464767,0.57118982,0.19291706,0.31323716,0.25772205,0.23612373,1421510,0.51530838,0.4901447,0.4978776,0.50404131,0.57046777,0.19279921,0.3118993,0.25640902,0.23889245,1441666,0.51531285,0.49026999,0.49827373,0.50341362,0.56976038,0.19269373,0.31060591,0.25511527,0.24158508,1461886,0.51532608,0.49035829,0.49864453,0.50283331,0.56913602,0.19258478,0.30935243,0.25386316,0.24419962,1482115,0.51532978,0.49042702,0.49901569,0.50225657,0.56851482,0.19248304,0.30812117,0.25265247,0.24674334,1502349,0.51532435,0.49049789,0.49936348,0.50168484,0.56790769,0.19239271,0.3069267,0.25145754,0.24922305
45,LOIRET,677829,0.51401019,0.48657241,0.49984282,0.50593859,0.55898356,0.19117506,0.29096425,0.26246294,0.25539774,681422,0.51425403,0.48579186,0.50032556,0.50562835,0.5594967,0.19082302,0.28847617,0.26190966,0.25879118,685072,0.5145182,0.48510066,0.50087786,0.50531632,0.55996144,0.19050406,0.28600496,0.26139149,0.26209944,688818,0.51478618,0.48455229,0.50135434,0.50498968,0.56044203,0.19026071,0.28352481,0.26083958,0.2653749,692722,0.51501179,0.48395011,0.50183839,0.50462556,0.56084973,0.19005026,0.28111711,0.26028046,0.26855218,696738,0.51522666,0.48347139,0.50226587,0.50427783,0.56118202,0.18990783,0.27870446,0.25968727,0.27170041
46,LOT,173834,0.51544005,0.49312058,0.48319271,0.51437861,0.54339296,0.14131872,0.21751212,0.26725498,0.37391418,174519,0.51562291,0.49411139,0.48125884,0.51521784,0.54315531,0.14012228,0.21448095,0.26432651,0.38107026,175365,0.51570725,0.49453071,0.47986415,0.51608962,0.54259712,0.13918969,0.21154734,0.26138055,0.38788241,176358,0.51578039,0.49436867,0.47852427,0.51693279,0.54226345,0.13845134,0.2087175,0.25851959,0.39431158,177538,0.51574314,0.49410132,0.47704792,0.51776505,0.54183728,0.13798173,0.20614178,0.25555092,0.40032557,178902,0.51574045,0.49335986,0.47583765,0.51875943,0.5414682,0.13763401,0.20369253,0.25267464,0.40599883
47,LOT-ET-GARONNE,333288,0.51862055,0.49577439,0.4992145,0.51345432,0.54858154,0.16118193,0.24637251,0.26437494,0.32807061,333834,0.51889563,0.49814618,0.49909905,0.51359212,0.5476985,0.16077751,0.24436995,0.26269943,0.33215311,334533,0.51914161,0.5005402,0.49898279,0.51368445,0.54679483,0.16046847,0.24243647,0.26092792,0.33616713,335313,0.51939529,0.50282878,0.49891499,0.51372027,0.54601425,0.16025028,0.24050663,0.25920558,0.34003752,336217,0.51963466,0.50514776,0.49879718,0.51389307,0.54514307,0.16004544,0.23862268,0.25754201,0.34378988,337345,0.51983577,0.50730413,0.49843487,0.51407099,0.54443675,0.15990159,0.23674873,0.25596347,0.34738621
48,LOZERE,77632,0.50570643,0.48735863,0.49435699,0.49360567,0.53440535,0.15488458,0.25452134,0.27497682,0.31561726,78820,0.50732046,0.48979089,0.4968437,0.49672443,0.53321135,0.15471962,0.25323522,0.27306521,0.31897995,80133,0.50867933,0.49343219,0.49861345,0.50002301,0.53115684,0.15485506,0.25200605,0.27091211,0.32222679,81499,0.50994492,0.4965201,0.49963331,0.50294453,0.53009772,0.15514301,0.25096014,0.2687763,0.32512057,82912,0.51105994,0.49957296,0.50055486,0.50607908,0.52856773,0.15533337,0.24998794,0.26684919,0.32782951,84415,0.51205355,0.50213253,0.50133157,0.50900239,0.52726555,0.15554108,0.24910265,0.2651543,0.33020198
49,MAINE-ET-LOIRE,851111,0.51310462,0.4860267,0.5021652,0.50168872,0.55980021,0.1975982,0.29981402,0.25534156,0.24724625,890889,0.51230288,0.4849579,0.50217855,0.50065643,0.55813301,0.19864428,0.29755333,0.25479716,0.24900521,930671,0.51156425,0.48397845,0.50218201,0.49971899,0.55661398,0.19962049,0.2954621,0.25428644,0.250631,970416,0.51088297,0.48307884,0.50218868,0.49882266,0.55526441,0.20051092,0.29355967,0.2538293,0.25210014,1010248,0.51027274,0.48225236,0.50223714,0.49803519,0.55401343,0.20131591,0.29180855,0.25340709,0.25346845,1050132,0.50969881,0.48148236,0.50225443,0.49729571,0.55288106,0.20207269,0.29018638,0.25300533,0.25473559
50,MANCHE,515554,0.5128774,0.48897386,0.48586598,0.50213939,0.55805367,0.16993371,0.25498009,0.26881957,0.30626667,533103,0.51285774,0.48898348,0.48579311,0.50303084,0.55680317,0.16967641,0.25363955,0.26829898,0.30838504,550803,0.51285666,0.48908782,0.48587832,0.50387174,0.55553281,0.16953793,0.25236973,0.26775452,0.31033781,568661,0.51285034,0.48925969,0.48587328,0.50463241,0.55441111,0.16946125,0.25120413,0.26724532,0.31208926,586681,0.51286131,0.48963436,0.48590586,0.50531733,0.55331922,0.16945325,0.2501581,0.26670372,0.31368494,604951,0.51283163,0.48982456,0.48587883,0.50595534,0.55232722,0.16951951,0.24916233,0.26619014,0.315128
51,MARNE,572586,0.51575309,0.49608728,0.49321619,0.51073658,0.56340826,0.17943506,0.31189552,0.25977582,0.24889362,574464,0.51587218,0.49775267,0.49287274,0.5104171,0.56236976,0.17931671,0.30920649,0.25834516,0.25313163,576638,0.51611584,0.49986941,0.49257657,0.51016468,0.56141615,0.17925805,0.30649731,0.25693762,0.25730702,579140,0.51622236,0.50183868,0.49202865,0.50984555,0.56045938,0.17936596,0.30380046,0.25552717,0.26130641,581998,0.51625091,0.50367057,0.49142978,0.50947607,0.55943823,0.17951781,0.30113161,0.25412285,0.26522771,585188,0.51632297,0.50530028,0.49095801,0.50923544,0.55849618,0.17974223,0.29851091,0.25275296,0.26899388
52,HAUTE-MARNE,178466,0.51012516,0.48335794,0.47425562,0.49841946,0.56353146,0.16312911,0.25650263,0.26766443,0.31270382,178781,0.51017165,0.48304328,0.4735285,0.49824163,0.56313461,0.16262354,0.25334907,0.26561546,0.31841192,179385,0.51028794,0.48311982,0.47298351,0.49810642,0.5626657,0.1623157,0.2503944,0.26348355,0.32380635,180160,0.51041299,0.483776,0.47254619,0.497749,0.56208873,0.16216697,0.24746892,0.26137877,0.32898533,181218,0.51052326,0.48415133,0.47238255,0.49734089,0.56150645,0.16190444,0.24476597,0.25940028,0.3339293,182456,0.51060528,0.48511329,0.47187275,0.49693447,0.56089818,0.16180888,0.24220634,0.25745386,0.33853093
53,MAYENNE,308674,0.50897062,0.49015686,0.4860782,0.49667612,0.55613226,0.19435067,0.2680757,0.26169682,0.27587682,309482,0.50931877,0.49032375,0.48601925,0.49680457,0.55625486,0.19351368,0.26578605,0.26088753,0.27981272,310379,0.50968331,0.49069434,0.4858869,0.49692726,0.55638593,0.1928481,0.26344565,0.26003692,0.28366932,311297,0.51011735,0.49104679,0.48593074,0.49723628,0.55645573,0.19213484,0.26120394,0.25919941,0.28746182,312335,0.51042312,0.49123129,0.48572099,0.49757096,0.55642056,0.19150911,0.25897834,0.25834441,0.29116812,313465,0.51079071,0.49179453,0.48551336,0.49789396,0.55636829,0.19089213,0.2567687,0.25750881,0.29483035
54,MEURTHE-ET-MOSELLE,734610,0.51486641,0.48574293,0.49625829,0.50893092,0.56422967,0.17114796,0.31978872,0.25667769,0.25238562,735535,0.51464039,0.48483038,0.4968583,0.5083167,0.56276524,0.17073287,0.31741929,0.25526318,0.25658467,736612,0.51442277,0.48400739,0.49739295,0.50777149,0.56136668,0.17045337,0.31503966,0.25381884,0.26068813,737994,0.51420742,0.4831154,0.49798226,0.5072456,0.55999511,0.17025477,0.31261095,0.25237468,0.2647596,739684,0.51393974,0.4822585,0.49843541,0.50673187,0.55862081,0.17011994,0.31020543,0.25093013,0.2687445,741588,0.5136801,0.48139834,0.49891141,0.50616688,0.55735964,0.17002837,0.30782455,0.24949163,0.27265543
55,MEUSE,188308,0.5058893,0.49107441,0.47691101,0.49336761,0.55323809,0.17462349,0.26426917,0.27263314,0.2884742,187901,0.50600582,0.49225268,0.47655195,0.49374753,0.5513292,0.17413957,0.26010504,0.27067444,0.29508093,187781,0.50621736,0.49393865,0.47605178,0.49388078,0.54987818,0.17395796,0.25594708,0.26847765,0.30161732,188005,0.5064227,0.49527508,0.47561052,0.49444577,0.54830068,0.17392622,0.2519986,0.26622695,0.30784819,188475,0.50679398,0.49696767,0.475373,0.4949992,0.54698831,0.17409736,0.24786842,0.26418358,0.31385064,189109,0.5072313,0.498667,0.47495228,0.49593398,0.54580355,0.17454484,0.24383821,0.26205522,0.31956172
56,MORBIHAN,752965,0.51687127,0.48758775,0.48749235,0.5099526,0.56336176,0.1723201,0.25218171,0.26774818,0.30775002,758342,0.51717561,0.4880999,0.48722869,0.51102573,0.56204343,0.17125914,0.24878617,0.26640618,0.31354851,763713,0.51745749,0.48856136,0.48696187,0.51204503,0.56080407,0.17021839,0.24544561,0.26508519,0.31925082,769138,0.51770425,0.4889589,0.48659053,0.51299214,0.55969852,0.16921541,0.2421529,0.26379141,0.32484028,774611,0.51794124,0.48939973,0.48621264,0.51395708,0.55859077,0.16824833,0.23890831,0.26250339,0.33034,780114,0.51814091,0.48971555,0.48583239,0.5148806,0.55752563,0.16733067,0.23569632,0.26122978,0.33574325
57,MOSELLE,1045466,0.50922936,0.48525324,0.48819825,0.50444889,0.55456603,0.17071813,0.29481304,0.27810088,0.25636798,1045908,0.50915188,0.4848828,0.48851332,0.50428921,0.55312759,0.17051212,0.29174268,0.27618492,0.26156029,1046640,0.50912923,0.48460552,0.48888388,0.50416011,0.55181652,0.17039575,0.28866562,0.27422035,0.26671827,1047728,0.50905961,0.48444152,0.48917946,0.50398153,0.55047643,0.17041828,0.28561419,0.27220136,0.27176616,1049211,0.50894815,0.48416215,0.48937002,0.50375938,0.54927832,0.17051575,0.28261235,0.27012965,0.27674225,1051196,0.50882614,0.48398101,0.48945367,0.50358486,0.54811662,0.17067416,0.27971569,0.26801661,0.28159353
58,NIEVRE,207384,0.52078271,0.49767441,0.48420462,0.51062715,0.56040156,0.14617811,0.23170544,0.25704491,0.36507156,205829,0.520845,0.49906617,0.48330018,0.51139784,0.55903977,0.14567432,0.22954005,0.25340939,0.37137625,204378,0.52093667,0.50016838,0.48245898,0.51250148,0.55769253,0.14528961,0.22747555,0.24970397,0.37753084,203164,0.52106673,0.5024609,0.48165527,0.51313603,0.55636704,0.14501093,0.22551732,0.24599339,0.38347837,202090,0.52113414,0.50430447,0.48083949,0.51406467,0.55493969,0.14484635,0.22351922,0.24240685,0.38922757,201163,0.52126884,0.50635433,0.4802199,0.51464957,0.55377197,0.14472841,0.22153677,0.23889086,0.394844
59,NORD,2607816,0.51722133,0.49051097,0.50012016,0.50867683,0.57613307,0.19771142,0.32710245,0.25378361,0.22140251,2612969,0.51709491,0.49088612,0.50000709,0.50811529,0.57479417,0.19715044,0.32486877,0.25286484,0.22511595,2618227,0.5169552,0.49127707,0.49987394,0.50752568,0.57348967,0.19659716,0.32264543,0.25195485,0.22880255,2623566,0.51680726,0.49163651,0.49972939,0.50695169,0.57221961,0.19606063,0.32043371,0.25103962,0.23246604,2629151,0.51664513,0.49197477,0.49958107,0.50632435,0.57101154,0.19554906,0.31822631,0.2501241,0.23610055,2634892,0.51648188,0.49227402,0.49941215,0.50576061,0.56983167,0.19504215,0.31602243,0.24923299,0.23970242
60,OISE,826795,0.50957495,0.4878656,0.50010961,0.50057513,0.55288345,0.20353533,0.2978707,0.27443683,0.22415714,830837,0.50975943,0.48734075,0.50104445,0.5,0.55261451,0.20322759,0.2944296,0.273801,0.22854182,835041,0.50995219,0.48681718,0.5020864,0.49942121,0.55229491,0.20298524,0.29100606,0.27311713,0.23289156,839472,0.51011825,0.48634332,0.50308567,0.49883246,0.5519504,0.20284536,0.28760937,0.27241409,0.23713119,844156,0.51025522,0.48569945,0.50404066,0.49830374,0.55166441,0.20278479,0.28423065,0.27166781,0.24131677,849133,0.51043713,0.48503038,0.50513172,0.49787411,0.55138516,0.20285279,0.28089356,0.27088806,0.24536556
61,ORNE,290260,0.51327085,0.48434082,0.48979965,0.50125337,0.55585557,0.17006822,0.2447013,0.26113141,0.32409909,295411,0.51263833,0.48439777,0.4880859,0.50065184,0.55464059,0.16955699,0.24150759,0.25965858,0.32927683,300693,0.51216024,0.48448098,0.48662633,0.50009662,0.55371344,0.16918585,0.23847578,0.25815368,0.33418471,306241,0.5115546,0.48436171,0.48508704,0.49942756,0.55270994,0.16892578,0.23560528,0.25669324,0.33877566,312017,0.51101702,0.48448539,0.4835003,0.49898949,0.55170709,0.16877286,0.23289756,0.25531623,0.34301338,318019,0.51040661,0.48414031,0.48220891,0.49837828,0.55071795,0.16872577,0.2303856,0.2540037,0.34688494
62,PAS-DE-CALAIS,1472867,0.51592577,0.49326983,0.4911868,0.5053941,0.57593554,0.19717258,0.29821295,0.26136711,0.24324736,1475272,0.51567781,0.49401566,0.49005529,0.50547737,0.57417238,0.19657867,0.29588714,0.2598199,0.24771433,1477983,0.5154193,0.49488798,0.48887497,0.50549376,0.57245946,0.19601715,0.29359674,0.25826144,0.2521247,1480915,0.51514703,0.49570492,0.48773199,0.5054664,0.57078999,0.19549873,0.29131112,0.25669399,0.25649616,1484222,0.51486838,0.49653113,0.48656964,0.50540841,0.56918979,0.19500586,0.28903425,0.25512895,0.26083094,1487913,0.514561,0.4973402,0.48536575,0.50530231,0.56763422,0.19456513,0.28675735,0.2535679,0.2651096
63,PUY-DE-DOME,653821,0.51733887,0.4901216,0.50070751,0.50316054,0.56514412,0.16427432,0.29507312,0.26567516,0.27497742,657369,0.51743543,0.4894526,0.50183177,0.50275695,0.56433642,0.1648511,0.29274121,0.26402676,0.27838093,661099,0.51755333,0.48920593,0.50289357,0.50225389,0.56357193,0.16550018,0.2903907,0.26241153,0.2816976,664990,0.5176484,0.48871338,0.50402498,0.50186563,0.56273746,0.16621152,0.28805545,0.26076031,0.2849727,669053,0.51772732,0.48818186,0.50508952,0.5013873,0.56207758,0.1670047,0.28574419,0.25910804,0.2881431,673269,0.51777965,0.48764443,0.50613481,0.50087672,0.56142133,0.16775613,0.28350925,0.25751075,0.29122385
64,PYRENEES-ATLANTIQUES,677631,0.52067721,0.4914237,0.49480134,0.51193094,0.5669561,0.15933746,0.26711884,0.27205515,0.30148858,681434,0.52081347,0.49176228,0.4951117,0.51224393,0.56579995,0.15899265,0.26493102,0.2705119,0.30556443,685465,0.5209223,0.49228477,0.49525613,0.51250535,0.56471348,0.15874042,0.26278073,0.26895756,0.30952129,689758,0.52102911,0.49268645,0.49546978,0.51283997,0.56361872,0.15858606,0.26066098,0.26737493,0.31337804,694218,0.52115619,0.49320361,0.49575531,0.51314986,0.56253749,0.15843005,0.25859025,0.26580554,0.31717414,699006,0.5212788,0.49365842,0.4959603,0.51356739,0.56151259,0.15836488,0.25657147,0.26424381,0.32081985
65,HAUTES-PYRENEES,227907,0.52130914,0.48407,0.49194631,0.51633441,0.56224972,0.14791121,0.24189691,0.26942569,0.34076619,228210,0.5218308,0.48458752,0.49357143,0.51680464,0.56108022,0.14755708,0.23925331,0.2667543,0.34643531,228629,0.52226532,0.48541296,0.4948909,0.51716197,0.5599125,0.14722542,0.23671101,0.26403475,0.35202885,229299,0.52271491,0.48625892,0.49600461,0.51765096,0.55892652,0.14710487,0.23413534,0.26140541,0.35735437,230082,0.52303964,0.48667672,0.49727094,0.51791084,0.55791342,0.14696065,0.23172173,0.25879905,0.36251858,231088,0.52351487,0.48762375,0.49840528,0.51830465,0.55714875,0.14685315,0.2292936,0.256266,0.36758724
66,PYRENEES-ORIENTALES,478440,0.52454227,0.49048111,0.50839424,0.51720273,0.56075537,0.16621938,0.25447288,0.25733635,0.32197142,482947,0.52450061,0.49126768,0.50874269,0.5161345,0.5602026,0.16598509,0.25223473,0.25596389,0.3258163,487519,0.52445138,0.49191463,0.50918829,0.51510316,0.55961591,0.16578841,0.25002924,0.25458086,0.32960153,492206,0.52438611,0.49273816,0.50947833,0.51404822,0.55906039,0.16562578,0.24789417,0.25323138,0.33324867,496917,0.52435923,0.49352986,0.50986254,0.51302904,0.55855471,0.16546828,0.24577343,0.25191733,0.33684096,501703,0.52433014,0.49437213,0.51023144,0.51205641,0.55803084,0.16539666,0.24370992,0.25063035,0.34026307
67,BAS-RHIN,1127718,0.5135619,0.48901415,0.50268,0.50718522,0.55257142,0.17067653,0.31466377,0.27459347,0.24006622,1133496,0.51371861,0.4895454,0.50237668,0.50793242,0.55144465,0.16982768,0.3119967,0.27359602,0.2445796,1139255,0.51389813,0.49011981,0.50208139,0.50869596,0.55040568,0.1690201,0.30933636,0.27258778,0.24905574,1145226,0.51406533,0.49072105,0.50174654,0.5094772,0.54938775,0.16825849,0.30672461,0.27156997,0.25344691,1151304,0.51423085,0.4913514,0.50147945,0.51018679,0.54839349,0.16756739,0.30412123,0.27054712,0.25776425,1157585,0.51439852,0.49194142,0.50118601,0.51093465,0.54747224,0.16690783,0.30155194,0.26951715,0.26202309
68,HAUT-RHIN,765937,0.51075739,0.48507494,0.49999085,0.50362688,0.54920739,0.17993908,0.28539684,0.28222165,0.25244242,769390,0.51069289,0.48398346,0.50016576,0.50433129,0.54783785,0.17929919,0.28227037,0.28132546,0.25710499,772851,0.510656,0.48297134,0.50041252,0.50499785,0.54654431,0.17871492,0.27915859,0.28038004,0.26174644,776492,0.51058608,0.48181883,0.50064611,0.50569594,0.54526287,0.17814736,0.27606595,0.27945685,0.26632985,780267,0.51051497,0.48069987,0.50087798,0.50636375,0.54406232,0.17769815,0.27296811,0.27852517,0.27080858,784236,0.51047009,0.47956404,0.50118124,0.50710422,0.54289263,0.17736115,0.26986519,0.27757844,0.27519521
69,RHONE,1855788,0.51849133,0.48682091,0.50947559,0.50928771,0.57089359,0.190227,0.34754777,0.24451661,0.2177086,1875748,0.51834041,0.48641086,0.50960171,0.50823545,0.57107037,0.19035073,0.3461611,0.24408236,0.2194058,1895715,0.51817811,0.4860042,0.50970799,0.50721014,0.57119817,0.19046798,0.34479815,0.24366479,0.2210691,1915668,0.51802921,0.48559612,0.50983775,0.50619447,0.57134885,0.19059148,0.34347078,0.24324727,0.22269046,1935757,0.51787907,0.4852002,0.50994933,0.50521106,0.57148254,0.19072331,0.34217,0.24282852,0.22427815,1955880,0.51772451,0.48479199,0.5100534,0.50424141,0.57160711,0.19085526,0.34088901,0.2424157,0.22584003
70,HAUTE-SAONE,237076,0.5093177,0.48839778,0.49433973,0.50066233,0.54331195,0.17941505,0.25448802,0.27383623,0.29226071,237114,0.50959033,0.48865774,0.49495324,0.50123882,0.54215419,0.17922181,0.25069797,0.27234158,0.29773864,237457,0.50981021,0.48910537,0.49555907,0.50165623,0.54092532,0.17897135,0.24702999,0.2707985,0.30320016,238059,0.51002061,0.48926446,0.49604833,0.50221711,0.53992563,0.17920768,0.24342705,0.26904255,0.30832273,238959,0.51028001,0.48933837,0.49683648,0.50276268,0.53899914,0.17937805,0.24009559,0.2673555,0.31317088,240211,0.51048034,0.48957804,0.49735367,0.50331408,0.53807157,0.17975031,0.23675436,0.26567891,0.31781641
71,SAONE-ET-LOIRE,554978,0.51459879,0.48177433,0.48946878,0.50582558,0.55743307,0.16475788,0.24449979,0.26646641,0.32427591,555190,0.51483995,0.48136371,0.48955575,0.50639278,0.55678916,0.16425548,0.24135341,0.26456529,0.32982582,555571,0.51508451,0.48100683,0.48966345,0.50689906,0.55621469,0.16390164,0.23821618,0.26259291,0.33528927,556226,0.51529771,0.48080367,0.48967543,0.50737447,0.55561364,0.1636619,0.23507711,0.2606135,0.34064752,557171,0.515576,0.48079517,0.48978454,0.50790942,0.55506313,0.1635925,0.23200238,0.25857231,0.34583279,558406,0.51576275,0.48080289,0.48961681,0.50834918,0.55454504,0.16362289,0.22895707,0.2565302,0.35088986
72,SARTHE,568964,0.51369333,0.49194849,0.49652538,0.50419205,0.55404764,0.18532982,0.27289775,0.26371792,0.27805451,570704,0.51374441,0.4916839,0.49678895,0.50455743,0.55285889,0.18457554,0.26984042,0.26278946,0.28279459,572478,0.5137071,0.49119025,0.49699077,0.50489056,0.55164015,0.18390401,0.26672989,0.2618092,0.28755692,574365,0.5137465,0.4907864,0.49727628,0.50533295,0.55050665,0.18320233,0.26367727,0.26085156,0.29226884,576402,0.51376295,0.49039128,0.49754679,0.50579119,0.54935282,0.18263122,0.2606011,0.25988287,0.2968848,578626,0.51382065,0.49020648,0.49789995,0.50614548,0.54829961,0.18220232,0.2575826,0.25886324,0.30135182
73,SAVOIE,433063,0.51090717,0.49156079,0.49136868,0.50000417,0.55669719,0.17703198,0.28318051,0.27797109,0.26181641,436894,0.51115602,0.49318162,0.49153483,0.49939767,0.55599141,0.17640664,0.28012288,0.27740824,0.26606226,440754,0.51138049,0.49470535,0.49171281,0.49883997,0.55523562,0.17590538,0.27706158,0.27675527,0.27027774,444676,0.51157922,0.49615484,0.49176669,0.49829373,0.55461103,0.17545359,0.27409396,0.27611789,0.27433458,448701,0.51182413,0.49773979,0.49195901,0.49777102,0.55394781,0.175023,0.27120286,0.27545962,0.2783145,452828,0.5119803,0.4993422,0.49208072,0.49705511,0.55326176,0.17457402,0.26839992,0.27483505,0.28219104
74,HAUTE-SAVOIE,827732,0.50878906,0.48416668,0.49717647,0.50278103,0.55488986,0.19399878,0.31042293,0.27759227,0.21798602,854127,0.50888687,0.48416436,0.4977791,0.50211805,0.5547595,0.19374286,0.30891892,0.27721521,0.22012301,880627,0.50897032,0.4841297,0.49832699,0.50152391,0.55462408,0.19354846,0.30747411,0.27683118,0.22214627,907121,0.5090633,0.48418605,0.49887645,0.50091708,0.55449992,0.19334024,0.30612674,0.27647468,0.22405832,933630,0.50918031,0.48426983,0.49944136,0.50037432,0.55439997,0.19317503,0.30485311,0.27612758,0.22584428,960200,0.50927514,0.48430526,0.49993655,0.4998565,0.55433053,0.19299833,0.30364403,0.27580503,0.22755259
75,PARIS,2178137,0.52985507,0.4920224,0.52420288,0.51790649,0.57723027,0.13952887,0.38716021,0.25210994,0.22120096,2166164,0.53003192,0.4921478,0.52520776,0.51764786,0.57566023,0.13880759,0.38467816,0.25215679,0.22435744,2154190,0.53021181,0.49227589,0.52623785,0.5173853,0.57412201,0.13807742,0.38216546,0.25220755,0.22754957,2142215,0.53039169,0.49240333,0.52729249,0.51711631,0.57260841,0.13733822,0.37962809,0.25225806,0.23077562,2130237,0.53057432,0.49253535,0.52837503,0.51684439,0.57111937,0.13659137,0.37705806,0.25230947,0.23404109,2118266,0.53075957,0.4926739,0.52948332,0.5165714,0.56965661,0.13583657,0.37446243,0.25235972,0.2373413
76,SEINE-MARITIME,1249797,0.51876825,0.48836786,0.50107014,0.51287115,0.56824136,0.18427792,0.30430222,0.25851157,0.25290826,1252359,0.51858133,0.48829579,0.50106215,0.51273137,0.5668003,0.18426985,0.30220407,0.25683209,0.25669396,1255062,0.51840627,0.48823404,0.50111252,0.51254034,0.56542778,0.18429607,0.30008557,0.25516349,0.26045486,1257986,0.51820689,0.48819801,0.50106847,0.51233351,0.56411219,0.18435022,0.29796913,0.2534909,0.26418975,1261187,0.51802945,0.48822147,0.50104654,0.51215523,0.56283689,0.18448414,0.29585224,0.25179297,0.26787066,1264709,0.51784879,0.48820901,0.50102288,0.51201105,0.56159621,0.18468122,0.29374978,0.25009072,0.27147827
77,SEINE-ET-MARNE,1411376,0.51223558,0.48648256,0.51060104,0.5066911,0.55128819,0.21385655,0.32044402,0.27256379,0.19313563,1425046,0.51238555,0.48583254,0.51117688,0.50668544,0.55112773,0.21377696,0.31781289,0.27196315,0.19644699,1438780,0.51250571,0.48514548,0.51171541,0.50669277,0.55093855,0.21373385,0.31523025,0.27135488,0.19968098,1452563,0.51263595,0.48447105,0.51228529,0.5066821,0.5507881,0.21368298,0.31269005,0.27075452,0.20287244,1466528,0.51274437,0.48381373,0.51279831,0.50667202,0.55063945,0.21366929,0.31019115,0.27016532,0.20597425,1480600,0.51283938,0.48315611,0.51328772,0.50661618,0.55054933,0.21368094,0.30774483,0.26955086,0.20902337
78,YVELINES,1435387,0.51327479,0.48941776,0.50276351,0.50863022,0.55649376,0.20490989,0.30428171,0.27422291,0.21658549,1439066,0.51341426,0.48981825,0.50294232,0.50778097,0.55663401,0.2046105,0.30111754,0.27390406,0.22036794,1442761,0.51355284,0.49016747,0.5031426,0.50693154,0.55679429,0.20432143,0.29796758,0.27358517,0.22412583,1446526,0.51367551,0.49052525,0.50333184,0.50606513,0.55691987,0.20404266,0.29484019,0.27327058,0.22784658,1450315,0.5138132,0.49089095,0.50349921,0.50525105,0.55707657,0.20380744,0.29172489,0.27292347,0.23154418,1454220,0.51393253,0.49122831,0.50365847,0.50440472,0.55723333,0.20359093,0.28861725,0.27258188,0.23520994
79,DEUX-SEVRES,375855,0.5107528,0.48781779,0.49361354,0.50267488,0.54734868,0.18083569,0.25370955,0.27303347,0.29242128,377521,0.51098084,0.4882364,0.49422801,0.5028109,0.5466181,0.18115284,0.25102711,0.27187097,0.2959491,379267,0.51117289,0.48852211,0.49483553,0.50291216,0.54592043,0.18147637,0.24837647,0.27071166,0.2994355,381134,0.5113818,0.48898444,0.49537182,0.50301737,0.54526943,0.18185468,0.24575347,0.26955873,0.30283311,383148,0.51161951,0.48953202,0.49598137,0.50321895,0.54455781,0.18225855,0.24322455,0.26837671,0.30614018,385332,0.51179242,0.49006915,0.49643654,0.50337517,0.54384977,0.18279561,0.24069373,0.26719037,0.30932027
80,SOMME,573620,0.51520169,0.48539031,0.49807,0.51069289,0.56123626,0.17910811,0.3039521,0.26215962,0.25478017,574563,0.51549613,0.48559192,0.49790451,0.51176852,0.56032115,0.17841734,0.30149871,0.2610262,0.25905776,575852,0.51571584,0.48577788,0.49763972,0.51283062,0.55934775,0.17790335,0.29907858,0.25986192,0.26315615,577397,0.51594311,0.48618671,0.4973371,0.51380938,0.55842894,0.17753816,0.29657584,0.25866953,0.2672165,579380,0.51616555,0.48655725,0.49701881,0.51484436,0.55755895,0.17731369,0.29411095,0.25748387,0.27109152,581898,0.51631039,0.48688486,0.49662301,0.51582229,0.55661684,0.17722178,0.29159406,0.25627345,0.27491072
81,TARN,388810,0.51867491,0.49362624,0.50004113,0.50820196,0.55558902,0.16847046,0.2501736,0.26544327,0.31591266,390929,0.51877707,0.49440283,0.50133049,0.50733393,0.55463833,0.16863932,0.24801946,0.26386121,0.31948,393168,0.51894611,0.49527797,0.50265342,0.50650221,0.55382663,0.16886166,0.24586691,0.26227719,0.32299423,395516,0.51907384,0.49611464,0.50400907,0.50560087,0.5529896,0.16919164,0.24374993,0.26069489,0.32636353,398027,0.5191859,0.49678329,0.50528568,0.50493771,0.55210817,0.16948599,0.24169968,0.25924119,0.32957312,400664,0.51920313,0.49726728,0.50644618,0.50412047,0.55127561,0.16987801,0.23966715,0.25773466,0.33272019
82,TARN-ET-GARONNE,259534,0.51132417,0.48398736,0.50094146,0.50397259,0.54670322,0.19009456,0.26398468,0.26624256,0.2796782,262121,0.51122957,0.48367372,0.50140965,0.50421739,0.54567504,0.19091183,0.26251999,0.26504552,0.28152266,264780,0.511096,0.48289242,0.50202483,0.50437957,0.54480606,0.19173276,0.26113001,0.26387945,0.28325781,267517,0.51092827,0.48225135,0.50258285,0.50455362,0.54380029,0.19260459,0.25978535,0.26268986,0.28492022,270326,0.51082397,0.48177612,0.5031274,0.50472337,0.5429486,0.19344792,0.25845462,0.26158047,0.28651702,273220,0.51067638,0.48115569,0.50368685,0.50483459,0.54210335,0.19432326,0.25711879,0.2604275,0.28813043
83,VAR,1064942,0.51992691,0.48836222,0.49389693,0.51862305,0.55712914,0.15701701,0.25733137,0.26315424,0.32249737,1073709,0.51998448,0.4883399,0.49388957,0.51814789,0.55702019,0.1561559,0.25515106,0.26247615,0.32621688,1082520,0.52004862,0.48831359,0.49390098,0.51769304,0.55691689,0.15532646,0.25301796,0.26178548,0.3298701,1091320,0.52009767,0.48826355,0.49389401,0.5172323,0.55680925,0.15451014,0.25091633,0.26111406,0.33345947,1100134,0.52014482,0.48822865,0.49387804,0.51678878,0.5566923,0.15370582,0.24884969,0.26045099,0.33699349,1109011,0.52020222,0.48822963,0.49389902,0.51632476,0.55659288,0.15294799,0.24681991,0.259772,0.34046009
84,VAUCLUSE,561148,0.52034044,0.48473355,0.50908697,0.51880586,0.55603719,0.18087386,0.27269277,0.26850492,0.27792847,563604,0.52045053,0.48364398,0.51034766,0.51890993,0.55523354,0.18078119,0.2701489,0.26745906,0.28161085,566059,0.52054995,0.4826076,0.51161116,0.51896131,0.55445457,0.18069848,0.26762581,0.26641569,0.28526002,568575,0.52062786,0.48159653,0.51282257,0.51902097,0.55367416,0.18062349,0.26513654,0.26537573,0.28886425,571137,0.52071744,0.48055008,0.51402211,0.51914746,0.55294651,0.18053637,0.26265678,0.2643604,0.29244646,573751,0.52079737,0.47964033,0.51524836,0.51916778,0.55222166,0.18045807,0.2602087,0.26337731,0.2959559
85,VENDEE,679828,0.5116809,0.48855862,0.49107978,0.50274479,0.55077606,0.18082662,0.25493801,0.26286501,0.30137035,689236,0.51187259,0.48859388,0.49123687,0.50314385,0.55012441,0.18043602,0.25190938,0.26213372,0.30552089,698654,0.51205319,0.48862219,0.49145573,0.50349039,0.54947847,0.18008199,0.24893294,0.26142412,0.30956095,708084,0.51223582,0.48863047,0.49164605,0.50383514,0.54891765,0.17973857,0.24605696,0.26071766,0.31348681,717543,0.51239997,0.48859805,0.49182111,0.50419384,0.54836059,0.17943175,0.24323978,0.26003042,0.31729805,727045,0.51257348,0.48861638,0.49199378,0.50455266,0.5478428,0.17912371,0.24051331,0.25936633,0.32099664
86,VIENNE,438281,0.51830906,0.49406722,0.50665349,0.50799567,0.55479383,0.17037015,0.29594254,0.25411323,0.27957407,440905,0.51854026,0.49526271,0.50657892,0.50778675,0.5544185,0.1702022,0.2932083,0.25267801,0.2839115,443614,0.51876408,0.49657926,0.50655568,0.50757223,0.55392063,0.17001718,0.2905589,0.25125447,0.28816944,446368,0.51896864,0.49784485,0.50641912,0.50731802,0.55356967,0.16996066,0.28792834,0.24980733,0.29230365,449239,0.51920468,0.49910894,0.50633413,0.50712377,0.55324376,0.16987394,0.28535813,0.24841565,0.29635227,452146,0.51945388,0.50040376,0.50621611,0.50696105,0.55296975,0.16979913,0.28285995,0.24702862,0.30031228
87,HAUTE-VIENNE,374740,0.52385122,0.4916186,0.50872058,0.51086843,0.56401062,0.15823771,0.27065966,0.25854191,0.31256071,374658,0.52422208,0.49272209,0.5088017,0.51133871,0.56329226,0.15824832,0.26731312,0.25670078,0.31773779,374612,0.52460146,0.49361646,0.50893921,0.51183814,0.56266171,0.15827844,0.26397979,0.25480765,0.32293412,374655,0.52493095,0.49443087,0.50914377,0.51231354,0.56192493,0.15839906,0.26067182,0.25285396,0.32807517,374793,0.52531397,0.49534738,0.50934732,0.5128333,0.56130922,0.15856487,0.25732872,0.25094384,0.33316258,375030,0.52562726,0.49636397,0.50938922,0.51328033,0.56066209,0.15876864,0.25403035,0.24907073,0.3381303
88,VOSGES,369017,0.51662934,0.49091959,0.49381235,0.50642878,0.55869406,0.16413878,0.25751659,0.27230725,0.3060374,368245,0.5170036,0.49084151,0.49472854,0.50726879,0.55705214,0.16219093,0.25422478,0.27048296,0.31310132,367682,0.51725405,0.49048829,0.49552402,0.50803137,0.55544037,0.16041036,0.25095055,0.26854184,0.32009727,367375,0.5175665,0.49051332,0.49635038,0.50889915,0.55383706,0.15881592,0.2476162,0.26656958,0.32699829,367340,0.51777643,0.49043253,0.49695808,0.50979406,0.55223835,0.15734741,0.24431317,0.26461044,0.33372897,367526,0.51799601,0.4905104,0.4975554,0.51058167,0.55078256,0.15597808,0.2409707,0.2626617,0.34038952
89,YONNE,341675,0.51244313,0.4808484,0.49369088,0.50504696,0.55261463,0.17345138,0.25374991,0.2684949,0.3043038,343067,0.51245677,0.48065084,0.49212918,0.50600255,0.55237484,0.17233951,0.25146109,0.26756874,0.30863068,344632,0.51245677,0.4804368,0.49059087,0.50687408,0.55216736,0.17138571,0.24917594,0.2665655,0.31287286,346374,0.51247495,0.48026818,0.48926568,0.50779986,0.55179513,0.17052954,0.24690075,0.26557711,0.31699261,348364,0.51241231,0.47992429,0.48774651,0.5085395,0.55161154,0.16986831,0.24468946,0.26455086,0.32089138,350583,0.51217258,0.47932494,0.48603615,0.5090974,0.5513438,0.16934934,0.24257024,0.2635296,0.32455081
90,TERRITOIRE DE BELFORT,144053,0.50031585,0.47050864,0.46779057,0.50556934,0.55425417,0.18466119,0.29688379,0.26300043,0.2554546,144208,0.49984744,0.46747845,0.46787944,0.50496906,0.55350345,0.18507989,0.29198796,0.26235715,0.260575,144396,0.49930745,0.46427238,0.4679563,0.50438029,0.55264807,0.18550375,0.28712013,0.26166236,0.26571372,144593,0.4987655,0.46102351,0.46801263,0.50377595,0.55191171,0.18595645,0.28226125,0.26100156,0.27078074,144857,0.49833974,0.45820537,0.46810681,0.50332844,0.55119413,0.1865633,0.27738389,0.26029119,0.2757616,145160,0.49803665,0.45582986,0.46843091,0.50290662,0.55043685,0.18723477,0.27255443,0.25952742,0.2806834
91,ESSONNE,1300343,0.51122355,0.49424341,0.50248772,0.5022586,0.55551678,0.20906946,0.32474124,0.26779166,0.19839765,1312885,0.5114035,0.49473378,0.5030452,0.50127673,0.55580097,0.20921482,0.32316157,0.2672694,0.20035419,1325464,0.51157409,0.49517137,0.50360459,0.50032949,0.55605119,0.2093697,0.32159379,0.26675865,0.20227784,1338020,0.5117293,0.4956018,0.50414133,0.49937966,0.55628121,0.20952004,0.32005724,0.26626059,0.20416212,1350658,0.51189566,0.49603131,0.50470072,0.49844962,0.55651516,0.2096889,0.31854919,0.26575565,0.20600626,1363318,0.51205146,0.49644524,0.5052259,0.49752936,0.55676389,0.20985273,0.31707057,0.26527119,0.20780551
92,HAUTS-DE-SEINE,1607675,0.52365124,0.49190989,0.51157701,0.52211618,0.57718915,0.19175392,0.34370255,0.26572409,0.19881941,1612012,0.52379078,0.49240506,0.51185006,0.52150893,0.57699794,0.19116794,0.34136966,0.26665124,0.20081116,1616356,0.52392787,0.49290535,0.51213074,0.52090555,0.57679445,0.19058239,0.3390528,0.26757285,0.20279196,1620682,0.5240615,0.4933978,0.51240832,0.52030718,0.57660216,0.18999903,0.33674836,0.26849252,0.20476009,1625014,0.52419674,0.49389407,0.51269287,0.51972097,0.57640886,0.18942298,0.33445436,0.26940259,0.20672007,1629356,0.52433479,0.49439546,0.51297778,0.51914167,0.57623529,0.18884578,0.3321754,0.27030742,0.20867141
93,SEINE-SAINT-DENIS,1621793,0.5077337,0.49253285,0.50755125,0.49943271,0.54162472,0.22650363,0.35201779,0.2554284,0.16605017,1637051,0.50741851,0.49295366,0.50756705,0.49835241,0.54049313,0.22704363,0.35046983,0.25489554,0.16759099,1652323,0.50710911,0.49335024,0.50758106,0.49728647,0.53942615,0.22757596,0.34894508,0.25437096,0.16910797,1667599,0.50680351,0.49374563,0.50759476,0.49623579,0.53837639,0.2280968,0.34745222,0.25385541,0.17059557,1682862,0.50650442,0.49413857,0.50760496,0.49520114,0.53736567,0.22860935,0.34598798,0.25334817,0.17205451,1698126,0.50621098,0.49451625,0.50762451,0.49417639,0.53638756,0.22911079,0.34454924,0.2528511,0.1734889
94,VAL-DE-MARNE,1386876,0.51906157,0.48923612,0.51122397,0.51263171,0.57004297,0.19543564,0.33990204,0.26468986,0.19997245,1395749,0.51893789,0.48927721,0.51149994,0.51176262,0.56934357,0.19523855,0.33810949,0.2642574,0.20239456,1404628,0.51881284,0.48931077,0.51178265,0.51089925,0.56865239,0.19504595,0.33634031,0.263825,0.20478874,1413491,0.518686,0.48934162,0.51205957,0.51003975,0.56798458,0.19484878,0.33459356,0.26340458,0.20715307,1422366,0.51856554,0.48937607,0.51234305,0.50919372,0.5673418,0.19465806,0.33287212,0.26298437,0.20948546,1431249,0.51844507,0.48941398,0.51261652,0.50836474,0.56671387,0.1944728,0.33116668,0.26257136,0.21178915
95,VAL-D'OISE,1230600,0.51501787,0.49208331,0.51104635,0.51360482,0.55097568,0.2187372,0.33272874,0.26197463,0.18655941,1238991,0.51523376,0.49264911,0.51173991,0.51319724,0.55023772,0.21926552,0.33078611,0.26031587,0.18963253,1247414,0.5154624,0.49323007,0.51242775,0.5128141,0.54955566,0.21977788,0.32884991,0.25868878,0.19268343,1255858,0.51568967,0.49381405,0.51313174,0.51243293,0.54887414,0.22030754,0.32695416,0.25707683,0.19566146,1264357,0.5159089,0.49444339,0.51381892,0.51197439,0.54825723,0.22083715,0.32506245,0.25548321,0.19861716,1272926,0.51611483,0.49502274,0.51450682,0.5115512,0.54761505,0.2213648,0.32321361,0.25391343,0.20150818
