Code du département,Libellé du département,Inscrits,Abstentions,% Abs/Ins,Votants,% Vot/Ins,Blancs,% Blancs/Ins,% Blancs/Vot,Nuls,% Nuls/Ins,% Nuls/Vot,Exprimés,% Exp/Ins,% Exp/Vot,Code Nuance,Voix,% Voix/Ins,% Voix/Exp,Sièges,Code Nuance,Voix,% Voix/Ins,% Voix/Exp,Sièges,Code Nuance,Voix,% Voix/Ins,% Voix/Exp,Sièges,Code Nuance,Voix,% Voix/Ins,% Voix/Exp,Sièges,Code Nuance,Voix,% Voix/Ins,% Voix/Exp,Sièges,Code Nuance,Voix,% Voix/Ins,% Voix/Exp,Sièges,Code Nuance,Voix,% Voix/Ins,% Voix/Exp,Sièges,Code Nuance,Voix,% Voix/Ins,% Voix/Exp,Sièges,Code Nuance,Voix,% Voix/Ins,% Voix/Exp,Sièges,Code Nuance,Voix,% Voix/Ins,% Voix/Exp,Sièges,Code Nuance,Voix,% Voix/Ins,% Voix/Exp,Sièges,Code Nuance,Voix,% Voix/Ins,% Voix/Exp,Sièges,Code Nuance,Voix,% Voix/Ins,% Voix/Exp,Sièges,Code Nuance,Voix,% Voix/Ins,% Voix/Exp,Sièges,Code Nuance,Voix,% Voix/Ins,% Voix/Exp,Sièges,Code Nuance 1,Voix1,% Voix/Ins 1,% Voix/Exp 1,Code Nuance 2,Voix2,% Voix/Ins 2,% Voix/Exp 2,Code Nuance 3,Voix3,% Voix/Ins 3,% Voix/Exp 3
1,Ain,416399,242372,58.21,174027,41.79,11204,2.69,6.44,3657,0.88,2.1,159166,38.22,91.46,LR,65707,15.78,41.28,3,LR,65707,15.78,41.28,3,LR,65707,15.78,41.28,3,LR,65707,15.78,41.28,3,LR,65707,15.78,41.28,3,LR,65707,15.78,41.28,3,LR,65707,15.78,41.28,3,LR,65707,15.78,41.28,3,LR,65707,15.78,41.28,3,LR,65707,15.78,41.28,3,LR,65707,15.78,41.28,3,LR,65707,15.78,41.28,3,LR,65707,15.78,41.28,3,LR,65707,15.78,41.28,3,LR,65707,15.78,41.28,3,LR,65707.0,15.78,41.28,REM,48622.0,11.68,30.55,MDM,32433.0,7.79,20.38
2,Aisne,375746,210975,56.15,164771,43.85,9985,2.66,6.06,3989,1.06,2.42,150797,40.13,91.52,FN,61671,16.41,40.9,0,FN,61671,16.41,40.9,0,FN,61671,16.41,40.9,0,FN,61671,16.41,40.9,0,FN,61671,16.41,40.9,0,FN,61671,16.41,40.9,0,FN,61671,16.41,40.9,0,FN,61671,16.41,40.9,0,FN,61671,16.41,40.9,0,FN,61671,16.41,40.9,0,FN,61671,16.41,40.9,0,FN,61671,16.41,40.9,0,FN,61671,16.41,40.9,0,FN,61671,16.41,40.9,0,FN,61671,16.41,40.9,0,FN,61671.0,16.41,40.9,REM,52549.0,13.99,34.85,LR,19019.0,5.06,12.61
3,Allier,253423,133978,52.87,119445,47.13,9160,3.61,7.67,4898,1.93,4.1,105387,41.59,88.23,REM,55300,21.82,52.47,2,REM,55300,21.82,52.47,2,REM,55300,21.82,52.47,2,REM,55300,21.82,52.47,2,REM,55300,21.82,52.47,2,REM,55300,21.82,52.47,2,REM,55300,21.82,52.47,2,REM,55300,21.82,52.47,2,REM,55300,21.82,52.47,2,REM,55300,21.82,52.47,2,REM,55300,21.82,52.47,2,REM,55300,21.82,52.47,2,REM,55300,21.82,52.47,2,REM,55300,21.82,52.47,2,REM,55300,21.82,52.47,2,REM,55300.0,21.82,52.47,LR,29172.0,11.51,27.68,COM,20915.0,8.25,19.85
4,Alpes-de-Haute-Provence,126465,68543,54.2,57922,45.8,4705,3.72,8.12,2019,1.6,3.49,51198,40.48,88.39,REM,32021,25.32,62.54,2,REM,32021,25.32,62.54,2,REM,32021,25.32,62.54,2,REM,32021,25.32,62.54,2,REM,32021,25.32,62.54,2,REM,32021,25.32,62.54,2,REM,32021,25.32,62.54,2,REM,32021,25.32,62.54,2,REM,32021,25.32,62.54,2,REM,32021,25.32,62.54,2,REM,32021,25.32,62.54,2,REM,32021,25.32,62.54,2,REM,32021,25.32,62.54,2,REM,32021,25.32,62.54,2,REM,32021,25.32,62.54,2,REM,32021.0,25.32,62.54,FI,10244.0,8.1,20.01,FN,8933.0,7.06,17.45
5,Hautes-Alpes,109902,60420,54.98,49482,45.02,4841,4.4,9.78,1916,1.74,3.87,42725,38.88,86.34,REM,26974,24.54,63.13,2,REM,26974,24.54,63.13,2,REM,26974,24.54,63.13,2,REM,26974,24.54,63.13,2,REM,26974,24.54,63.13,2,REM,26974,24.54,63.13,2,REM,26974,24.54,63.13,2,REM,26974,24.54,63.13,2,REM,26974,24.54,63.13,2,REM,26974,24.54,63.13,2,REM,26974,24.54,63.13,2,REM,26974,24.54,63.13,2,REM,26974,24.54,63.13,2,REM,26974,24.54,63.13,2,REM,26974,24.54,63.13,2,REM,26974.0,24.54,63.13,LR,8828.0,8.03,20.66,DVD,6923.0,6.3,16.2
6,Alpes-Maritimes,761366,440523,57.86,320843,42.14,18345,2.41,5.72,5802,0.76,1.81,296696,38.97,92.47,REM,115653,15.19,38.98,3,REM,115653,15.19,38.98,3,REM,115653,15.19,38.98,3,REM,115653,15.19,38.98,3,REM,115653,15.19,38.98,3,REM,115653,15.19,38.98,3,REM,115653,15.19,38.98,3,REM,115653,15.19,38.98,3,REM,115653,15.19,38.98,3,REM,115653,15.19,38.98,3,REM,115653,15.19,38.98,3,REM,115653,15.19,38.98,3,REM,115653,15.19,38.98,3,REM,115653,15.19,38.98,3,REM,115653,15.19,38.98,3,REM,115653.0,15.19,38.98,LR,114575.0,15.05,38.62,FN,53788.0,7.06,18.13
7,Ardèche,249235,134972,54.15,114263,45.85,10187,4.09,8.92,4576,1.84,4.0,99500,39.92,87.08,REM,43449,17.43,43.67,0,REM,43449,17.43,43.67,0,REM,43449,17.43,43.67,0,REM,43449,17.43,43.67,0,REM,43449,17.43,43.67,0,REM,43449,17.43,43.67,0,REM,43449,17.43,43.67,0,REM,43449,17.43,43.67,0,REM,43449,17.43,43.67,0,REM,43449,17.43,43.67,0,REM,43449,17.43,43.67,0,REM,43449,17.43,43.67,0,REM,43449,17.43,43.67,0,REM,43449,17.43,43.67,0,REM,43449,17.43,43.67,0,REM,43449.0,17.43,43.67,SOC,39125.0,15.7,39.32,LR,16926.0,6.79,17.01
8,Ardennes,194287,113878,58.61,80409,41.39,4823,2.48,6.0,2312,1.19,2.88,73274,37.71,91.13,LR,50360,25.92,68.73,3,LR,50360,25.92,68.73,3,LR,50360,25.92,68.73,3,LR,50360,25.92,68.73,3,LR,50360,25.92,68.73,3,LR,50360,25.92,68.73,3,LR,50360,25.92,68.73,3,LR,50360,25.92,68.73,3,LR,50360,25.92,68.73,3,LR,50360,25.92,68.73,3,LR,50360,25.92,68.73,3,LR,50360,25.92,68.73,3,LR,50360,25.92,68.73,3,LR,50360,25.92,68.73,3,LR,50360,25.92,68.73,3,LR,50360.0,25.92,68.73,REM,16934.0,8.72,23.11,FN,5980.0,3.08,8.16
9,Ariège,117403,60209,51.28,57194,48.72,4283,3.65,7.49,2632,2.24,4.6,50279,42.83,87.91,FI,25348,21.59,50.41,2,FI,25348,21.59,50.41,2,FI,25348,21.59,50.41,2,FI,25348,21.59,50.41,2,FI,25348,21.59,50.41,2,FI,25348,21.59,50.41,2,FI,25348,21.59,50.41,2,FI,25348,21.59,50.41,2,FI,25348,21.59,50.41,2,FI,25348,21.59,50.41,2,FI,25348,21.59,50.41,2,FI,25348,21.59,50.41,2,FI,25348,21.59,50.41,2,FI,25348,21.59,50.41,2,FI,25348,21.59,50.41,2,FI,25348.0,21.59,50.41,REM,24931.0,21.24,49.59,,,,
10,Aube,203893,110483,54.19,93410,45.81,5699,2.8,6.1,2346,1.15,2.51,85365,41.87,91.39,LR,40358,19.79,47.28,2,LR,40358,19.79,47.28,2,LR,40358,19.79,47.28,2,LR,40358,19.79,47.28,2,LR,40358,19.79,47.28,2,LR,40358,19.79,47.28,2,LR,40358,19.79,47.28,2,LR,40358,19.79,47.28,2,LR,40358,19.79,47.28,2,LR,40358,19.79,47.28,2,LR,40358,19.79,47.28,2,LR,40358,19.79,47.28,2,LR,40358,19.79,47.28,2,LR,40358,19.79,47.28,2,LR,40358,19.79,47.28,2,LR,40358.0,19.79,47.28,REM,24679.0,12.1,28.91,MDM,11548.0,5.66,13.53
11,Aude,272669,145274,53.28,127395,46.72,12105,4.44,9.5,5800,2.13,4.55,109490,40.15,85.95,REM,62123,22.78,56.74,3,REM,62123,22.78,56.74,3,REM,62123,22.78,56.74,3,REM,62123,22.78,56.74,3,REM,62123,22.78,56.74,3,REM,62123,22.78,56.74,3,REM,62123,22.78,56.74,3,REM,62123,22.78,56.74,3,REM,62123,22.78,56.74,3,REM,62123,22.78,56.74,3,REM,62123,22.78,56.74,3,REM,62123,22.78,56.74,3,REM,62123,22.78,56.74,3,REM,62123,22.78,56.74,3,REM,62123,22.78,56.74,3,REM,62123.0,22.78,56.74,FN,30049.0,11.02,27.44,SOC,17318.0,6.35,15.82
12,Aveyron,217966,116125,53.28,101841,46.72,11201,5.14,11.0,4264,1.96,4.19,86376,39.63,84.81,REM,53679,24.63,62.15,2,REM,53679,24.63,62.15,2,REM,53679,24.63,62.15,2,REM,53679,24.63,62.15,2,REM,53679,24.63,62.15,2,REM,53679,24.63,62.15,2,REM,53679,24.63,62.15,2,REM,53679,24.63,62.15,2,REM,53679,24.63,62.15,2,REM,53679,24.63,62.15,2,REM,53679,24.63,62.15,2,REM,53679,24.63,62.15,2,REM,53679,24.63,62.15,2,REM,53679,24.63,62.15,2,REM,53679,24.63,62.15,2,REM,53679.0,24.63,62.15,LR,32697.0,15.0,37.85,,,,
13,Bouches-du-Rhône,1370795,828621,60.45,542174,39.55,36079,2.63,6.65,13577,0.99,2.5,492518,35.93,90.84,REM,200374,14.62,40.68,8,REM,200374,14.62,40.68,8,REM,200374,14.62,40.68,8,REM,200374,14.62,40.68,8,REM,200374,14.62,40.68,8,REM,200374,14.62,40.68,8,REM,200374,14.62,40.68,8,REM,200374,14.62,40.68,8,REM,200374,14.62,40.68,8,REM,200374,14.62,40.68,8,REM,200374,14.62,40.68,8,REM,200374,14.62,40.68,8,REM,200374,14.62,40.68,8,REM,200374,14.62,40.68,8,REM,200374,14.62,40.68,8,REM,200374.0,14.62,40.68,LR,133033.0,9.7,27.01,FN,68400.0,4.99,13.89
14,Calvados,501178,280224,55.91,220954,44.09,16491,3.29,7.46,7536,1.5,3.41,196927,39.29,89.13,REM,97579,19.47,49.55,4,REM,97579,19.47,49.55,4,REM,97579,19.47,49.55,4,REM,97579,19.47,49.55,4,REM,97579,19.47,49.55,4,REM,97579,19.47,49.55,4,REM,97579,19.47,49.55,4,REM,97579,19.47,49.55,4,REM,97579,19.47,49.55,4,REM,97579,19.47,49.55,4,REM,97579,19.47,49.55,4,REM,97579,19.47,49.55,4,REM,97579,19.47,49.55,4,REM,97579,19.47,49.55,4,REM,97579,19.47,49.55,4,REM,97579.0,19.47,49.55,LR,49521.0,9.88,25.15,SOC,14814.0,2.96,7.52
15,Cantal,117259,56123,47.86,61136,52.14,3206,2.73,5.24,1595,1.36,2.61,56335,48.04,92.15,LR,30002,25.59,53.26,2,LR,30002,25.59,53.26,2,LR,30002,25.59,53.26,2,LR,30002,25.59,53.26,2,LR,30002,25.59,53.26,2,LR,30002,25.59,53.26,2,LR,30002,25.59,53.26,2,LR,30002,25.59,53.26,2,LR,30002,25.59,53.26,2,LR,30002,25.59,53.26,2,LR,30002,25.59,53.26,2,LR,30002,25.59,53.26,2,LR,30002,25.59,53.26,2,LR,30002,25.59,53.26,2,LR,30002,25.59,53.26,2,LR,30002.0,25.59,53.26,REM,26333.0,22.46,46.74,,,,
16,Charente,259767,145617,56.06,114150,43.94,7936,3.06,6.95,5102,1.96,4.47,101112,38.92,88.58,REM,52829,20.34,52.25,2,REM,52829,20.34,52.25,2,REM,52829,20.34,52.25,2,REM,52829,20.34,52.25,2,REM,52829,20.34,52.25,2,REM,52829,20.34,52.25,2,REM,52829,20.34,52.25,2,REM,52829,20.34,52.25,2,REM,52829,20.34,52.25,2,REM,52829,20.34,52.25,2,REM,52829,20.34,52.25,2,REM,52829,20.34,52.25,2,REM,52829,20.34,52.25,2,REM,52829,20.34,52.25,2,REM,52829,20.34,52.25,2,REM,52829.0,20.34,52.25,SOC,22337.0,8.6,22.09,LR,13011.0,5.01,12.87
17,Charente-Maritime,491003,280918,57.21,210085,42.79,16249,3.31,7.73,7489,1.53,3.56,186347,37.95,88.7,LR,68977,14.05,37.02,1,LR,68977,14.05,37.02,1,LR,68977,14.05,37.02,1,LR,68977,14.05,37.02,1,LR,68977,14.05,37.02,1,LR,68977,14.05,37.02,1,LR,68977,14.05,37.02,1,LR,68977,14.05,37.02,1,LR,68977,14.05,37.02,1,LR,68977,14.05,37.02,1,LR,68977,14.05,37.02,1,LR,68977,14.05,37.02,1,LR,68977,14.05,37.02,1,LR,68977,14.05,37.02,1,LR,68977,14.05,37.02,1,LR,68977.0,14.05,37.02,REM,56668.0,11.54,30.41,DVG,28765.0,5.86,15.44
18,Cher,228863,127425,55.68,101438,44.32,8752,3.82,8.63,3054,1.33,3.01,89632,39.16,88.36,REM,33172,14.49,37.01,2,REM,33172,14.49,37.01,2,REM,33172,14.49,37.01,2,REM,33172,14.49,37.01,2,REM,33172,14.49,37.01,2,REM,33172,14.49,37.01,2,REM,33172,14.49,37.01,2,REM,33172,14.49,37.01,2,REM,33172,14.49,37.01,2,REM,33172,14.49,37.01,2,REM,33172,14.49,37.01,2,REM,33172,14.49,37.01,2,REM,33172,14.49,37.01,2,REM,33172,14.49,37.01,2,REM,33172,14.49,37.01,2,REM,33172.0,14.49,37.01,SOC,17136.0,7.49,19.12,MDM,14366.0,6.28,16.03
19,Corrèze,185174,91080,49.19,94094,50.81,8538,4.61,9.07,5705,3.08,6.06,79851,43.12,84.86,REM,41358,22.33,51.79,1,REM,41358,22.33,51.79,1,REM,41358,22.33,51.79,1,REM,41358,22.33,51.79,1,REM,41358,22.33,51.79,1,REM,41358,22.33,51.79,1,REM,41358,22.33,51.79,1,REM,41358,22.33,51.79,1,REM,41358,22.33,51.79,1,REM,41358,22.33,51.79,1,REM,41358,22.33,51.79,1,REM,41358,22.33,51.79,1,REM,41358,22.33,51.79,1,REM,41358,22.33,51.79,1,REM,41358,22.33,51.79,1,REM,41358.0,22.33,51.79,SOC,19619.0,10.59,24.57,LR,18874.0,10.19,23.64
2A,Corse-du-Sud,108750,56147,51.63,52603,48.37,2163,1.99,4.11,1420,1.31,2.7,49020,45.08,93.19,LR,25769,23.7,52.57,1,LR,25769,23.7,52.57,1,LR,25769,23.7,52.57,1,LR,25769,23.7,52.57,1,LR,25769,23.7,52.57,1,LR,25769,23.7,52.57,1,LR,25769,23.7,52.57,1,LR,25769,23.7,52.57,1,LR,25769,23.7,52.57,1,LR,25769,23.7,52.57,1,LR,25769,23.7,52.57,1,LR,25769,23.7,52.57,1,LR,25769,23.7,52.57,1,LR,25769,23.7,52.57,1,LR,25769,23.7,52.57,1,LR,25769.0,23.7,52.57,REG,16637.0,15.3,33.94,REM,6614.0,6.08,13.49
2B,Haute-Corse,124738,59957,48.07,64781,51.93,2719,2.18,4.2,1566,1.26,2.42,60496,48.5,93.39,REG,37581,30.13,62.12,2,REG,37581,30.13,62.12,2,REG,37581,30.13,62.12,2,REG,37581,30.13,62.12,2,REG,37581,30.13,62.12,2,REG,37581,30.13,62.12,2,REG,37581,30.13,62.12,2,REG,37581,30.13,62.12,2,REG,37581,30.13,62.12,2,REG,37581,30.13,62.12,2,REG,37581,30.13,62.12,2,REG,37581,30.13,62.12,2,REG,37581,30.13,62.12,2,REG,37581,30.13,62.12,2,REG,37581,30.13,62.12,2,REG,37581.0,30.13,62.12,REM,12425.0,9.96,20.54,LR,10490.0,8.41,17.34
21,Côte-d'Or,360813,198326,54.97,162487,45.03,14100,3.91,8.68,4693,1.3,2.89,143694,39.83,88.43,REM,78075,21.64,54.33,4,REM,78075,21.64,54.33,4,REM,78075,21.64,54.33,4,REM,78075,21.64,54.33,4,REM,78075,21.64,54.33,4,REM,78075,21.64,54.33,4,REM,78075,21.64,54.33,4,REM,78075,21.64,54.33,4,REM,78075,21.64,54.33,4,REM,78075,21.64,54.33,4,REM,78075,21.64,54.33,4,REM,78075,21.64,54.33,4,REM,78075,21.64,54.33,4,REM,78075,21.64,54.33,4,REM,78075,21.64,54.33,4,REM,78075.0,21.64,54.33,LR,43361.0,12.02,30.18,DVD,12935.0,3.58,9.0
22,Côtes-d'Armor,455813,226263,49.64,229550,50.36,16154,3.54,7.04,7520,1.65,3.28,205876,45.17,89.69,REM,95707,21.0,46.49,3,REM,95707,21.0,46.49,3,REM,95707,21.0,46.49,3,REM,95707,21.0,46.49,3,REM,95707,21.0,46.49,3,REM,95707,21.0,46.49,3,REM,95707,21.0,46.49,3,REM,95707,21.0,46.49,3,REM,95707,21.0,46.49,3,REM,95707,21.0,46.49,3,REM,95707,21.0,46.49,3,REM,95707,21.0,46.49,3,REM,95707,21.0,46.49,3,REM,95707,21.0,46.49,3,REM,95707,21.0,46.49,3,REM,95707.0,21.0,46.49,LR,40648.0,8.92,19.74,SOC,32500.0,7.13,15.79
23,Creuse,92984,48274,51.92,44710,48.08,4878,5.25,10.91,2586,2.78,5.78,37246,40.06,83.31,REM,21688,23.32,58.23,1,REM,21688,23.32,58.23,1,REM,21688,23.32,58.23,1,REM,21688,23.32,58.23,1,REM,21688,23.32,58.23,1,REM,21688,23.32,58.23,1,REM,21688,23.32,58.23,1,REM,21688,23.32,58.23,1,REM,21688,23.32,58.23,1,REM,21688,23.32,58.23,1,REM,21688,23.32,58.23,1,REM,21688,23.32,58.23,1,REM,21688,23.32,58.23,1,REM,21688,23.32,58.23,1,REM,21688,23.32,58.23,1,REM,21688.0,23.32,58.23,LR,15558.0,16.73,41.77,,,,
24,Dordogne,313552,155953,49.74,157599,50.26,12349,3.94,7.84,6846,2.18,4.34,138404,44.14,87.82,REM,61605,19.65,44.51,3,REM,61605,19.65,44.51,3,REM,61605,19.65,44.51,3,REM,61605,19.65,44.51,3,REM,61605,19.65,44.51,3,REM,61605,19.65,44.51,3,REM,61605,19.65,44.51,3,REM,61605,19.65,44.51,3,REM,61605,19.65,44.51,3,REM,61605,19.65,44.51,3,REM,61605,19.65,44.51,3,REM,61605,19.65,44.51,3,REM,61605,19.65,44.51,3,REM,61605,19.65,44.51,3,REM,61605,19.65,44.51,3,REM,61605.0,19.65,44.51,FI,32769.0,10.45,23.68,MDM,16678.0,5.32,12.05
25,Doubs,368383,204522,55.52,163861,44.48,11312,3.07,6.9,4945,1.34,3.02,147604,40.07,90.08,REM,58601,15.91,39.7,3,REM,58601,15.91,39.7,3,REM,58601,15.91,39.7,3,REM,58601,15.91,39.7,3,REM,58601,15.91,39.7,3,REM,58601,15.91,39.7,3,REM,58601,15.91,39.7,3,REM,58601,15.91,39.7,3,REM,58601,15.91,39.7,3,REM,58601,15.91,39.7,3,REM,58601,15.91,39.7,3,REM,58601,15.91,39.7,3,REM,58601,15.91,39.7,3,REM,58601,15.91,39.7,3,REM,58601,15.91,39.7,3,REM,58601.0,15.91,39.7,LR,46302.0,12.57,31.37,ECO,19672.0,5.34,13.33
26,Drôme,369481,208982,56.56,160499,43.44,14447,3.91,9.0,5211,1.41,3.25,140841,38.12,87.75,REM,77505,20.98,55.03,3,REM,77505,20.98,55.03,3,REM,77505,20.98,55.03,3,REM,77505,20.98,55.03,3,REM,77505,20.98,55.03,3,REM,77505,20.98,55.03,3,REM,77505,20.98,55.03,3,REM,77505,20.98,55.03,3,REM,77505,20.98,55.03,3,REM,77505,20.98,55.03,3,REM,77505,20.98,55.03,3,REM,77505,20.98,55.03,3,REM,77505,20.98,55.03,3,REM,77505,20.98,55.03,3,REM,77505,20.98,55.03,3,REM,77505.0,20.98,55.03,LR,50176.0,13.58,35.63,FN,13160.0,3.56,9.34
27,Eure,427689,240876,56.32,186813,43.68,14404,3.37,7.71,4592,1.07,2.46,167817,39.24,89.83,REM,81013,18.94,48.27,4,REM,81013,18.94,48.27,4,REM,81013,18.94,48.27,4,REM,81013,18.94,48.27,4,REM,81013,18.94,48.27,4,REM,81013,18.94,48.27,4,REM,81013,18.94,48.27,4,REM,81013,18.94,48.27,4,REM,81013,18.94,48.27,4,REM,81013,18.94,48.27,4,REM,81013,18.94,48.27,4,REM,81013,18.94,48.27,4,REM,81013,18.94,48.27,4,REM,81013,18.94,48.27,4,REM,81013,18.94,48.27,4,REM,81013.0,18.94,48.27,FN,66016.0,15.44,39.34,MDM,20788.0,4.86,12.39
28,Eure-et-Loir,301402,169319,56.18,132083,43.82,8458,2.81,6.4,3122,1.04,2.36,120503,39.98,91.23,LR,48105,15.96,39.92,2,LR,48105,15.96,39.92,2,LR,48105,15.96,39.92,2,LR,48105,15.96,39.92,2,LR,48105,15.96,39.92,2,LR,48105,15.96,39.92,2,LR,48105,15.96,39.92,2,LR,48105,15.96,39.92,2,LR,48105,15.96,39.92,2,LR,48105,15.96,39.92,2,LR,48105,15.96,39.92,2,LR,48105,15.96,39.92,2,LR,48105,15.96,39.92,2,LR,48105,15.96,39.92,2,LR,48105,15.96,39.92,2,LR,48105.0,15.96,39.92,REM,38984.0,12.93,32.35,UDI,20685.0,6.86,17.17
29,Finistère,689380,366783,53.2,322597,46.8,26310,3.82,8.16,8711,1.26,2.7,287576,41.72,89.14,REM,161949,23.49,56.32,8,REM,161949,23.49,56.32,8,REM,161949,23.49,56.32,8,REM,161949,23.49,56.32,8,REM,161949,23.49,56.32,8,REM,161949,23.49,56.32,8,REM,161949,23.49,56.32,8,REM,161949,23.49,56.32,8,REM,161949,23.49,56.32,8,REM,161949,23.49,56.32,8,REM,161949,23.49,56.32,8,REM,161949,23.49,56.32,8,REM,161949,23.49,56.32,8,REM,161949,23.49,56.32,8,REM,161949,23.49,56.32,8,REM,161949.0,23.49,56.32,LR,45713.0,6.63,15.9,SOC,34705.0,5.03,12.07
30,Gard,537624,304027,56.55,233597,43.45,17723,3.3,7.59,6741,1.25,2.89,209133,38.9,89.53,REM,100447,18.68,48.03,5,REM,100447,18.68,48.03,5,REM,100447,18.68,48.03,5,REM,100447,18.68,48.03,5,REM,100447,18.68,48.03,5,REM,100447,18.68,48.03,5,REM,100447,18.68,48.03,5,REM,100447,18.68,48.03,5,REM,100447,18.68,48.03,5,REM,100447,18.68,48.03,5,REM,100447,18.68,48.03,5,REM,100447,18.68,48.03,5,REM,100447,18.68,48.03,5,REM,100447,18.68,48.03,5,REM,100447,18.68,48.03,5,REM,100447.0,18.68,48.03,FN,88975.0,16.55,42.54,MDM,19711.0,3.67,9.43
31,Haute-Garonne,899708,491194,54.59,408514,45.41,30637,3.41,7.5,13871,1.54,3.4,364006,40.46,89.1,REM,185345,20.6,50.92,8,REM,185345,20.6,50.92,8,REM,185345,20.6,50.92,8,REM,185345,20.6,50.92,8,REM,185345,20.6,50.92,8,REM,185345,20.6,50.92,8,REM,185345,20.6,50.92,8,REM,185345,20.6,50.92,8,REM,185345,20.6,50.92,8,REM,185345,20.6,50.92,8,REM,185345,20.6,50.92,8,REM,185345,20.6,50.92,8,REM,185345,20.6,50.92,8,REM,185345,20.6,50.92,8,REM,185345,20.6,50.92,8,REM,185345.0,20.6,50.92,FI,99305.0,11.04,27.28,FN,25076.0,2.79,6.89
32,Gers,145005,71505,49.31,73500,50.69,6868,4.74,9.34,3367,2.32,4.58,63265,43.63,86.07,REM,34134,23.54,53.95,1,REM,34134,23.54,53.95,1,REM,34134,23.54,53.95,1,REM,34134,23.54,53.95,1,REM,34134,23.54,53.95,1,REM,34134,23.54,53.95,1,REM,34134,23.54,53.95,1,REM,34134,23.54,53.95,1,REM,34134,23.54,53.95,1,REM,34134,23.54,53.95,1,REM,34134,23.54,53.95,1,REM,34134,23.54,53.95,1,REM,34134,23.54,53.95,1,REM,34134,23.54,53.95,1,REM,34134,23.54,53.95,1,REM,34134.0,23.54,53.95,SOC,29131.0,20.09,46.05,,,,
33,Gironde,1086553,623515,57.38,463038,42.62,33197,3.06,7.17,15378,1.42,3.32,414463,38.14,89.51,REM,216873,19.96,52.33,9,REM,216873,19.96,52.33,9,REM,216873,19.96,52.33,9,REM,216873,19.96,52.33,9,REM,216873,19.96,52.33,9,REM,216873,19.96,52.33,9,REM,216873,19.96,52.33,9,REM,216873,19.96,52.33,9,REM,216873,19.96,52.33,9,REM,216873,19.96,52.33,9,REM,216873,19.96,52.33,9,REM,216873,19.96,52.33,9,REM,216873,19.96,52.33,9,REM,216873,19.96,52.33,9,REM,216873,19.96,52.33,9,REM,216873.0,19.96,52.33,SOC,82207.0,7.57,19.83,LR,39872.0,3.67,9.62
34,Hérault,800447,463762,57.94,336685,42.06,26940,3.37,8.0,9937,1.24,2.95,299808,37.46,89.05,REM,175178,21.89,58.43,7,REM,175178,21.89,58.43,7,REM,175178,21.89,58.43,7,REM,175178,21.89,58.43,7,REM,175178,21.89,58.43,7,REM,175178,21.89,58.43,7,REM,175178,21.89,58.43,7,REM,175178,21.89,58.43,7,REM,175178,21.89,58.43,7,REM,175178,21.89,58.43,7,REM,175178,21.89,58.43,7,REM,175178,21.89,58.43,7,REM,175178,21.89,58.43,7,REM,175178,21.89,58.43,7,REM,175178,21.89,58.43,7,REM,175178.0,21.89,58.43,FN,100593.0,12.57,33.55,FI,24037.0,3.0,8.02
35,Ille-et-Vilaine,731375,396050,54.15,335325,45.85,22868,3.13,6.82,8001,1.09,2.39,304456,41.63,90.79,REM,124341,17.0,40.84,4,REM,124341,17.0,40.84,4,REM,124341,17.0,40.84,4,REM,124341,17.0,40.84,4,REM,124341,17.0,40.84,4,REM,124341,17.0,40.84,4,REM,124341,17.0,40.84,4,REM,124341,17.0,40.84,4,REM,124341,17.0,40.84,4,REM,124341,17.0,40.84,4,REM,124341,17.0,40.84,4,REM,124341,17.0,40.84,4,REM,124341,17.0,40.84,4,REM,124341,17.0,40.84,4,REM,124341,17.0,40.84,4,REM,124341.0,17.0,40.84,LR,67146.0,9.18,22.05,UDI,36152.0,4.94,11.87
36,Indre,170597,91132,53.42,79465,46.58,7461,4.37,9.39,3152,1.85,3.97,68852,40.36,86.64,REM,22303,13.07,32.39,1,REM,22303,13.07,32.39,1,REM,22303,13.07,32.39,1,REM,22303,13.07,32.39,1,REM,22303,13.07,32.39,1,REM,22303,13.07,32.39,1,REM,22303,13.07,32.39,1,REM,22303,13.07,32.39,1,REM,22303,13.07,32.39,1,REM,22303,13.07,32.39,1,REM,22303,13.07,32.39,1,REM,22303,13.07,32.39,1,REM,22303,13.07,32.39,1,REM,22303,13.07,32.39,1,REM,22303,13.07,32.39,1,REM,22303.0,13.07,32.39,LR,19218.0,11.27,27.91,MDM,17962.0,10.53,26.09
37,Indre-et-Loire,428758,240458,56.08,188300,43.92,16145,3.77,8.57,5760,1.34,3.06,166395,38.81,88.37,REM,72517,16.91,43.58,4,REM,72517,16.91,43.58,4,REM,72517,16.91,43.58,4,REM,72517,16.91,43.58,4,REM,72517,16.91,43.58,4,REM,72517,16.91,43.58,4,REM,72517,16.91,43.58,4,REM,72517,16.91,43.58,4,REM,72517,16.91,43.58,4,REM,72517,16.91,43.58,4,REM,72517,16.91,43.58,4,REM,72517,16.91,43.58,4,REM,72517,16.91,43.58,4,REM,72517,16.91,43.58,4,REM,72517,16.91,43.58,4,REM,72517.0,16.91,43.58,LR,43089.0,10.05,25.9,SOC,28595.0,6.67,17.19
38,Isère,856668,501648,58.56,355020,41.44,27715,3.24,7.81,8436,0.98,2.38,318869,37.22,89.82,REM,171750,20.05,53.86,8,REM,171750,20.05,53.86,8,REM,171750,20.05,53.86,8,REM,171750,20.05,53.86,8,REM,171750,20.05,53.86,8,REM,171750,20.05,53.86,8,REM,171750,20.05,53.86,8,REM,171750,20.05,53.86,8,REM,171750,20.05,53.86,8,REM,171750,20.05,53.86,8,REM,171750,20.05,53.86,8,REM,171750,20.05,53.86,8,REM,171750,20.05,53.86,8,REM,171750,20.05,53.86,8,REM,171750,20.05,53.86,8,REM,171750.0,20.05,53.86,FN,44654.0,5.21,14.0,LR,42056.0,4.91,13.19
39,Jura,190145,100205,52.7,89940,47.3,7090,3.73,7.88,2887,1.52,3.21,79963,42.05,88.91,LR,42020,22.1,52.55,2,LR,42020,22.1,52.55,2,LR,42020,22.1,52.55,2,LR,42020,22.1,52.55,2,LR,42020,22.1,52.55,2,LR,42020,22.1,52.55,2,LR,42020,22.1,52.55,2,LR,42020,22.1,52.55,2,LR,42020,22.1,52.55,2,LR,42020,22.1,52.55,2,LR,42020,22.1,52.55,2,LR,42020,22.1,52.55,2,LR,42020,22.1,52.55,2,LR,42020,22.1,52.55,2,LR,42020,22.1,52.55,2,LR,42020.0,22.1,52.55,MDM,22445.0,11.8,28.07,REM,15498.0,8.15,19.38
40,Landes,310172,159589,51.45,150583,48.55,10858,3.5,7.21,5190,1.67,3.45,134535,43.37,89.34,REM,52451,16.91,38.99,1,REM,52451,16.91,38.99,1,REM,52451,16.91,38.99,1,REM,52451,16.91,38.99,1,REM,52451,16.91,38.99,1,REM,52451,16.91,38.99,1,REM,52451,16.91,38.99,1,REM,52451,16.91,38.99,1,REM,52451,16.91,38.99,1,REM,52451,16.91,38.99,1,REM,52451,16.91,38.99,1,REM,52451,16.91,38.99,1,REM,52451,16.91,38.99,1,REM,52451,16.91,38.99,1,REM,52451,16.91,38.99,1,REM,52451.0,16.91,38.99,SOC,38421.0,12.39,28.56,MDM,26192.0,8.44,19.47
41,Loir-et-Cher,245275,127660,52.05,117615,47.95,8131,3.32,6.91,3045,1.24,2.59,106439,43.4,90.5,REM,31108,12.68,29.23,0,REM,31108,12.68,29.23,0,REM,31108,12.68,29.23,0,REM,31108,12.68,29.23,0,REM,31108,12.68,29.23,0,REM,31108,12.68,29.23,0,REM,31108,12.68,29.23,0,REM,31108,12.68,29.23,0,REM,31108,12.68,29.23,0,REM,31108,12.68,29.23,0,REM,31108,12.68,29.23,0,REM,31108,12.68,29.23,0,REM,31108,12.68,29.23,0,REM,31108,12.68,29.23,0,REM,31108,12.68,29.23,0,REM,31108.0,12.68,29.23,UDI,23088.0,9.41,21.69,MDM,22914.0,9.34,21.53
42,Loire,511202,301790,59.04,209412,40.96,15171,2.97,7.24,5434,1.06,2.59,188807,36.93,90.16,REM,79239,15.5,41.97,3,REM,79239,15.5,41.97,3,REM,79239,15.5,41.97,3,REM,79239,15.5,41.97,3,REM,79239,15.5,41.97,3,REM,79239,15.5,41.97,3,REM,79239,15.5,41.97,3,REM,79239,15.5,41.97,3,REM,79239,15.5,41.97,3,REM,79239,15.5,41.97,3,REM,79239,15.5,41.97,3,REM,79239,15.5,41.97,3,REM,79239,15.5,41.97,3,REM,79239,15.5,41.97,3,REM,79239,15.5,41.97,3,REM,79239.0,15.5,41.97,LR,55275.0,10.81,29.28,MDM,21257.0,4.16,11.26
43,Haute-Loire,177252,90056,50.81,87196,49.19,4724,2.67,5.42,2083,1.18,2.39,80389,45.35,92.19,LR,49011,27.65,60.97,2,LR,49011,27.65,60.97,2,LR,49011,27.65,60.97,2,LR,49011,27.65,60.97,2,LR,49011,27.65,60.97,2,LR,49011,27.65,60.97,2,LR,49011,27.65,60.97,2,LR,49011,27.65,60.97,2,LR,49011,27.65,60.97,2,LR,49011,27.65,60.97,2,LR,49011,27.65,60.97,2,LR,49011,27.65,60.97,2,LR,49011,27.65,60.97,2,LR,49011,27.65,60.97,2,LR,49011,27.65,60.97,2,LR,49011.0,27.65,60.97,REM,31378.0,17.7,39.03,,,,
44,Loire-Atlantique,994939,559308,56.22,435631,43.78,32850,3.3,7.54,10997,1.11,2.52,391784,39.38,89.93,REM,182964,18.39,46.7,8,REM,182964,18.39,46.7,8,REM,182964,18.39,46.7,8,REM,182964,18.39,46.7,8,REM,182964,18.39,46.7,8,REM,182964,18.39,46.7,8,REM,182964,18.39,46.7,8,REM,182964,18.39,46.7,8,REM,182964,18.39,46.7,8,REM,182964,18.39,46.7,8,REM,182964,18.39,46.7,8,REM,182964,18.39,46.7,8,REM,182964,18.39,46.7,8,REM,182964,18.39,46.7,8,REM,182964,18.39,46.7,8,REM,182964.0,18.39,46.7,LR,74063.0,7.44,18.9,FI,61300.0,6.16,15.65
45,Loiret,452835,254016,56.09,198819,43.91,15289,3.38,7.69,5741,1.27,2.89,177789,39.26,89.42,REM,80211,17.71,45.12,2,REM,80211,17.71,45.12,2,REM,80211,17.71,45.12,2,REM,80211,17.71,45.12,2,REM,80211,17.71,45.12,2,REM,80211,17.71,45.12,2,REM,80211,17.71,45.12,2,REM,80211,17.71,45.12,2,REM,80211,17.71,45.12,2,REM,80211,17.71,45.12,2,REM,80211,17.71,45.12,2,REM,80211,17.71,45.12,2,REM,80211,17.71,45.12,2,REM,80211,17.71,45.12,2,REM,80211,17.71,45.12,2,REM,80211.0,17.71,45.12,LR,70288.0,15.52,39.53,MDM,14379.0,3.18,8.09
46,Lot,136150,64892,47.66,71258,52.34,6273,4.61,8.8,3093,2.27,4.34,61892,45.46,86.86,REM,31501,23.14,50.9,1,REM,31501,23.14,50.9,1,REM,31501,23.14,50.9,1,REM,31501,23.14,50.9,1,REM,31501,23.14,50.9,1,REM,31501,23.14,50.9,1,REM,31501,23.14,50.9,1,REM,31501,23.14,50.9,1,REM,31501,23.14,50.9,1,REM,31501,23.14,50.9,1,REM,31501,23.14,50.9,1,REM,31501,23.14,50.9,1,REM,31501,23.14,50.9,1,REM,31501,23.14,50.9,1,REM,31501,23.14,50.9,1,REM,31501.0,23.14,50.9,LR,16358.0,12.01,26.43,SOC,14033.0,10.31,22.67
47,Lot-et-Garonne,240809,125245,52.01,115564,47.99,10148,4.21,8.78,4913,2.04,4.25,100503,41.74,86.97,REM,59261,24.61,58.96,3,REM,59261,24.61,58.96,3,REM,59261,24.61,58.96,3,REM,59261,24.61,58.96,3,REM,59261,24.61,58.96,3,REM,59261,24.61,58.96,3,REM,59261,24.61,58.96,3,REM,59261,24.61,58.96,3,REM,59261,24.61,58.96,3,REM,59261,24.61,58.96,3,REM,59261,24.61,58.96,3,REM,59261,24.61,58.96,3,REM,59261,24.61,58.96,3,REM,59261,24.61,58.96,3,REM,59261,24.61,58.96,3,REM,59261.0,24.61,58.96,FN,26339.0,10.94,26.21,UDI,14903.0,6.19,14.83
48,Lozère,59436,26522,44.62,32914,55.38,2496,4.2,7.58,1377,2.32,4.18,29041,48.86,88.23,LR,16440,27.66,56.61,1,LR,16440,27.66,56.61,1,LR,16440,27.66,56.61,1,LR,16440,27.66,56.61,1,LR,16440,27.66,56.61,1,LR,16440,27.66,56.61,1,LR,16440,27.66,56.61,1,LR,16440,27.66,56.61,1,LR,16440,27.66,56.61,1,LR,16440,27.66,56.61,1,LR,16440,27.66,56.61,1,LR,16440,27.66,56.61,1,LR,16440,27.66,56.61,1,LR,16440,27.66,56.61,1,LR,16440,27.66,56.61,1,LR,16440.0,27.66,56.61,REM,12601.0,21.2,43.39,,,,
49,Maine-et-Loire,568961,320412,56.32,248549,43.68,18430,3.24,7.42,6700,1.18,2.7,223419,39.27,89.89,REM,119435,20.99,53.46,5,REM,119435,20.99,53.46,5,REM,119435,20.99,53.46,5,REM,119435,20.99,53.46,5,REM,119435,20.99,53.46,5,REM,119435,20.99,53.46,5,REM,119435,20.99,53.46,5,REM,119435,20.99,53.46,5,REM,119435,20.99,53.46,5,REM,119435,20.99,53.46,5,REM,119435,20.99,53.46,5,REM,119435,20.99,53.46,5,REM,119435,20.99,53.46,5,REM,119435,20.99,53.46,5,REM,119435,20.99,53.46,5,REM,119435.0,20.99,53.46,LR,63113.0,11.09,28.25,MDM,19235.0,3.38,8.61
50,Manche,378918,213130,56.25,165788,43.75,12518,3.3,7.55,4460,1.18,2.69,148810,39.27,89.76,REM,82160,21.68,55.21,2,REM,82160,21.68,55.21,2,REM,82160,21.68,55.21,2,REM,82160,21.68,55.21,2,REM,82160,21.68,55.21,2,REM,82160,21.68,55.21,2,REM,82160,21.68,55.21,2,REM,82160,21.68,55.21,2,REM,82160,21.68,55.21,2,REM,82160,21.68,55.21,2,REM,82160,21.68,55.21,2,REM,82160,21.68,55.21,2,REM,82160,21.68,55.21,2,REM,82160,21.68,55.21,2,REM,82160,21.68,55.21,2,REM,82160.0,21.68,55.21,LR,51014.0,13.46,34.28,DIV,15636.0,4.13,10.51
51,Marne,381594,222404,58.28,159190,41.72,10470,2.74,6.58,3792,0.99,2.38,144928,37.98,91.04,LR,46558,12.2,32.12,2,LR,46558,12.2,32.12,2,LR,46558,12.2,32.12,2,LR,46558,12.2,32.12,2,LR,46558,12.2,32.12,2,LR,46558,12.2,32.12,2,LR,46558,12.2,32.12,2,LR,46558,12.2,32.12,2,LR,46558,12.2,32.12,2,LR,46558,12.2,32.12,2,LR,46558,12.2,32.12,2,LR,46558,12.2,32.12,2,LR,46558,12.2,32.12,2,LR,46558,12.2,32.12,2,LR,46558,12.2,32.12,2,LR,46558.0,12.2,32.12,REM,32122.0,8.42,22.16,FN,31601.0,8.28,21.8
52,Haute-Marne,133997,73636,54.95,60361,45.05,4355,3.25,7.21,1924,1.44,3.19,54082,40.36,89.6,LR,29136,21.74,53.87,1,LR,29136,21.74,53.87,1,LR,29136,21.74,53.87,1,LR,29136,21.74,53.87,1,LR,29136,21.74,53.87,1,LR,29136,21.74,53.87,1,LR,29136,21.74,53.87,1,LR,29136,21.74,53.87,1,LR,29136,21.74,53.87,1,LR,29136,21.74,53.87,1,LR,29136,21.74,53.87,1,LR,29136,21.74,53.87,1,LR,29136,21.74,53.87,1,LR,29136,21.74,53.87,1,LR,29136,21.74,53.87,1,LR,29136.0,21.74,53.87,REM,15045.0,11.23,27.82,FN,9901.0,7.39,18.31
53,Mayenne,222474,119079,53.52,103395,46.48,5846,2.63,5.65,2351,1.06,2.27,95198,42.79,92.07,REM,24063,10.82,25.28,0,REM,24063,10.82,25.28,0,REM,24063,10.82,25.28,0,REM,24063,10.82,25.28,0,REM,24063,10.82,25.28,0,REM,24063,10.82,25.28,0,REM,24063,10.82,25.28,0,REM,24063,10.82,25.28,0,REM,24063,10.82,25.28,0,REM,24063,10.82,25.28,0,REM,24063,10.82,25.28,0,REM,24063,10.82,25.28,0,REM,24063,10.82,25.28,0,REM,24063,10.82,25.28,0,REM,24063,10.82,25.28,0,REM,24063.0,10.82,25.28,UDI,19405.0,8.72,20.38,SOC,18848.0,8.47,19.8
54,Meurthe-et-Moselle,494761,291787,58.98,202974,41.02,15713,3.18,7.74,6049,1.22,2.98,181212,36.63,89.28,REM,60017,12.13,33.12,2,REM,60017,12.13,33.12,2,REM,60017,12.13,33.12,2,REM,60017,12.13,33.12,2,REM,60017,12.13,33.12,2,REM,60017,12.13,33.12,2,REM,60017,12.13,33.12,2,REM,60017,12.13,33.12,2,REM,60017,12.13,33.12,2,REM,60017,12.13,33.12,2,REM,60017,12.13,33.12,2,REM,60017,12.13,33.12,2,REM,60017,12.13,33.12,2,REM,60017,12.13,33.12,2,REM,60017,12.13,33.12,2,REM,60017.0,12.13,33.12,SOC,33900.0,6.85,18.71,FI,30408.0,6.15,16.78
55,Meuse,137557,75980,55.24,61577,44.76,4776,3.47,7.76,1958,1.42,3.18,54843,39.87,89.06,REM,27909,20.29,50.89,1,REM,27909,20.29,50.89,1,REM,27909,20.29,50.89,1,REM,27909,20.29,50.89,1,REM,27909,20.29,50.89,1,REM,27909,20.29,50.89,1,REM,27909,20.29,50.89,1,REM,27909,20.29,50.89,1,REM,27909,20.29,50.89,1,REM,27909,20.29,50.89,1,REM,27909,20.29,50.89,1,REM,27909,20.29,50.89,1,REM,27909,20.29,50.89,1,REM,27909,20.29,50.89,1,REM,27909,20.29,50.89,1,REM,27909.0,20.29,50.89,UDI,18053.0,13.12,32.92,FN,8881.0,6.46,16.19
56,Morbihan,471856,256563,54.37,215293,45.63,16481,3.49,7.66,7136,1.51,3.31,191676,40.62,89.03,REM,93313,19.78,48.68,4,REM,93313,19.78,48.68,4,REM,93313,19.78,48.68,4,REM,93313,19.78,48.68,4,REM,93313,19.78,48.68,4,REM,93313,19.78,48.68,4,REM,93313,19.78,48.68,4,REM,93313,19.78,48.68,4,REM,93313,19.78,48.68,4,REM,93313,19.78,48.68,4,REM,93313,19.78,48.68,4,REM,93313,19.78,48.68,4,REM,93313,19.78,48.68,4,REM,93313,19.78,48.68,4,REM,93313,19.78,48.68,4,REM,93313.0,19.78,48.68,LR,36496.0,7.73,19.04,FI,23889.0,5.06,12.46
57,Moselle,751115,465465,61.97,285650,38.03,19841,2.64,6.95,6340,0.84,2.22,259469,34.54,90.83,REM,129962,17.3,50.09,7,REM,129962,17.3,50.09,7,REM,129962,17.3,50.09,7,REM,129962,17.3,50.09,7,REM,129962,17.3,50.09,7,REM,129962,17.3,50.09,7,REM,129962,17.3,50.09,7,REM,129962,17.3,50.09,7,REM,129962,17.3,50.09,7,REM,129962,17.3,50.09,7,REM,129962,17.3,50.09,7,REM,129962,17.3,50.09,7,REM,129962,17.3,50.09,7,REM,129962,17.3,50.09,7,REM,129962,17.3,50.09,7,REM,129962.0,17.3,50.09,FN,57844.0,7.7,22.29,LR,55513.0,7.39,21.39
58,Nièvre,159285,87265,54.79,72020,45.21,6193,3.89,8.6,2961,1.86,4.11,62866,39.47,87.29,REM,37596,23.6,59.8,2,REM,37596,23.6,59.8,2,REM,37596,23.6,59.8,2,REM,37596,23.6,59.8,2,REM,37596,23.6,59.8,2,REM,37596,23.6,59.8,2,REM,37596,23.6,59.8,2,REM,37596,23.6,59.8,2,REM,37596,23.6,59.8,2,REM,37596,23.6,59.8,2,REM,37596,23.6,59.8,2,REM,37596,23.6,59.8,2,REM,37596,23.6,59.8,2,REM,37596,23.6,59.8,2,REM,37596,23.6,59.8,2,REM,37596.0,23.6,59.8,SOC,15686.0,9.85,24.95,FN,9584.0,6.02,15.25
59,Nord,1805129,1073277,59.46,731852,40.54,47920,2.65,6.55,20723,1.15,2.83,663209,36.74,90.62,REM,245069,13.58,36.95,9,REM,245069,13.58,36.95,9,REM,245069,13.58,36.95,9,REM,245069,13.58,36.95,9,REM,245069,13.58,36.95,9,REM,245069,13.58,36.95,9,REM,245069,13.58,36.95,9,REM,245069,13.58,36.95,9,REM,245069,13.58,36.95,9,REM,245069,13.58,36.95,9,REM,245069,13.58,36.95,9,REM,245069,13.58,36.95,9,REM,245069,13.58,36.95,9,REM,245069,13.58,36.95,9,REM,245069,13.58,36.95,9,REM,245069.0,13.58,36.95,FN,142053.0,7.87,21.42,LR,110122.0,6.1,16.6
60,Oise,562261,323318,57.5,238943,42.5,15788,2.81,6.61,5826,1.04,2.44,217329,38.65,90.95,REM,103556,18.42,47.65,3,REM,103556,18.42,47.65,3,REM,103556,18.42,47.65,3,REM,103556,18.42,47.65,3,REM,103556,18.42,47.65,3,REM,103556,18.42,47.65,3,REM,103556,18.42,47.65,3,REM,103556,18.42,47.65,3,REM,103556,18.42,47.65,3,REM,103556,18.42,47.65,3,REM,103556,18.42,47.65,3,REM,103556,18.42,47.65,3,REM,103556,18.42,47.65,3,REM,103556,18.42,47.65,3,REM,103556,18.42,47.65,3,REM,103556.0,18.42,47.65,LR,74861.0,13.31,34.45,FN,38912.0,6.92,17.9
61,Orne,208605,109069,52.28,99536,47.72,6062,2.91,6.09,2164,1.04,2.17,91310,43.77,91.74,LR,34579,16.58,37.87,2,LR,34579,16.58,37.87,2,LR,34579,16.58,37.87,2,LR,34579,16.58,37.87,2,LR,34579,16.58,37.87,2,LR,34579,16.58,37.87,2,LR,34579,16.58,37.87,2,LR,34579,16.58,37.87,2,LR,34579,16.58,37.87,2,LR,34579,16.58,37.87,2,LR,34579,16.58,37.87,2,LR,34579,16.58,37.87,2,LR,34579,16.58,37.87,2,LR,34579,16.58,37.87,2,LR,34579,16.58,37.87,2,LR,34579.0,16.58,37.87,REM,27793.0,13.32,30.44,SOC,15192.0,7.28,16.64
62,Pas-de-Calais,1090652,601716,55.17,488936,44.83,28943,2.65,5.92,15501,1.42,3.17,444492,40.75,90.91,FN,182839,16.76,41.13,4,FN,182839,16.76,41.13,4,FN,182839,16.76,41.13,4,FN,182839,16.76,41.13,4,FN,182839,16.76,41.13,4,FN,182839,16.76,41.13,4,FN,182839,16.76,41.13,4,FN,182839,16.76,41.13,4,FN,182839,16.76,41.13,4,FN,182839,16.76,41.13,4,FN,182839,16.76,41.13,4,FN,182839,16.76,41.13,4,FN,182839,16.76,41.13,4,FN,182839,16.76,41.13,4,FN,182839,16.76,41.13,4,FN,182839.0,16.76,41.13,REM,159516.0,14.63,35.89,MDM,57706.0,5.29,12.98
63,Puy-de-Dôme,461076,248902,53.98,212174,46.02,14880,3.23,7.01,6970,1.51,3.29,190324,41.28,89.7,REM,50118,10.87,26.33,1,REM,50118,10.87,26.33,1,REM,50118,10.87,26.33,1,REM,50118,10.87,26.33,1,REM,50118,10.87,26.33,1,REM,50118,10.87,26.33,1,REM,50118,10.87,26.33,1,REM,50118,10.87,26.33,1,REM,50118,10.87,26.33,1,REM,50118,10.87,26.33,1,REM,50118,10.87,26.33,1,REM,50118,10.87,26.33,1,REM,50118,10.87,26.33,1,REM,50118,10.87,26.33,1,REM,50118,10.87,26.33,1,REM,50118.0,10.87,26.33,MDM,39598.0,8.59,20.81,COM,30620.0,6.64,16.09
64,Pyrénées-Atlantiques,502161,264179,52.61,237982,47.39,20558,4.09,8.64,9349,1.86,3.93,208075,41.44,87.43,MDM,79517,15.83,38.22,4,MDM,79517,15.83,38.22,4,MDM,79517,15.83,38.22,4,MDM,79517,15.83,38.22,4,MDM,79517,15.83,38.22,4,MDM,79517,15.83,38.22,4,MDM,79517,15.83,38.22,4,MDM,79517,15.83,38.22,4,MDM,79517,15.83,38.22,4,MDM,79517,15.83,38.22,4,MDM,79517,15.83,38.22,4,MDM,79517,15.83,38.22,4,MDM,79517,15.83,38.22,4,MDM,79517,15.83,38.22,4,MDM,79517,15.83,38.22,4,MDM,79517.0,15.83,38.22,SOC,50020.0,9.96,24.04,REM,35858.0,7.14,17.23
65,Hautes-Pyrénées,177651,93637,52.71,84014,47.29,6152,3.46,7.32,3042,1.71,3.62,74820,42.12,89.06,REM,40488,22.79,54.11,1,REM,40488,22.79,54.11,1,REM,40488,22.79,54.11,1,REM,40488,22.79,54.11,1,REM,40488,22.79,54.11,1,REM,40488,22.79,54.11,1,REM,40488,22.79,54.11,1,REM,40488,22.79,54.11,1,REM,40488,22.79,54.11,1,REM,40488,22.79,54.11,1,REM,40488,22.79,54.11,1,REM,40488,22.79,54.11,1,REM,40488,22.79,54.11,1,REM,40488,22.79,54.11,1,REM,40488,22.79,54.11,1,REM,40488.0,22.79,54.11,RDG,18230.0,10.26,24.37,FI,16102.0,9.06,21.52
66,Pyrénées-Orientales,347747,195289,56.16,152458,43.84,11464,3.3,7.52,5285,1.52,3.47,135709,39.03,89.01,FN,60270,17.33,44.41,1,FN,60270,17.33,44.41,1,FN,60270,17.33,44.41,1,FN,60270,17.33,44.41,1,FN,60270,17.33,44.41,1,FN,60270,17.33,44.41,1,FN,60270,17.33,44.41,1,FN,60270,17.33,44.41,1,FN,60270,17.33,44.41,1,FN,60270,17.33,44.41,1,FN,60270,17.33,44.41,1,FN,60270,17.33,44.41,1,FN,60270,17.33,44.41,1,FN,60270,17.33,44.41,1,FN,60270,17.33,44.41,1,FN,60270.0,17.33,44.41,REM,55414.0,15.94,40.83,MDM,20025.0,5.76,14.76
67,Bas-Rhin,766612,455401,59.4,311211,40.6,16735,2.18,5.38,6041,0.79,1.94,288435,37.62,92.68,LR,129882,16.94,45.03,4,LR,129882,16.94,45.03,4,LR,129882,16.94,45.03,4,LR,129882,16.94,45.03,4,LR,129882,16.94,45.03,4,LR,129882,16.94,45.03,4,LR,129882,16.94,45.03,4,LR,129882,16.94,45.03,4,LR,129882,16.94,45.03,4,LR,129882,16.94,45.03,4,LR,129882,16.94,45.03,4,LR,129882,16.94,45.03,4,LR,129882,16.94,45.03,4,LR,129882,16.94,45.03,4,LR,129882,16.94,45.03,4,LR,129882.0,16.94,45.03,REM,108033.0,14.09,37.45,SOC,19153.0,2.5,6.64
68,Haut-Rhin,526584,312926,59.43,213658,40.57,11822,2.25,5.53,3654,0.69,1.71,198182,37.64,92.76,REM,93790,17.81,47.33,1,REM,93790,17.81,47.33,1,REM,93790,17.81,47.33,1,REM,93790,17.81,47.33,1,REM,93790,17.81,47.33,1,REM,93790,17.81,47.33,1,REM,93790,17.81,47.33,1,REM,93790,17.81,47.33,1,REM,93790,17.81,47.33,1,REM,93790,17.81,47.33,1,REM,93790,17.81,47.33,1,REM,93790,17.81,47.33,1,REM,93790,17.81,47.33,1,REM,93790,17.81,47.33,1,REM,93790,17.81,47.33,1,REM,93790.0,17.81,47.33,LR,76184.0,14.47,38.44,DVD,16807.0,3.19,8.48
69,Rhône,1156098,667163,57.71,488935,42.29,29245,2.53,5.98,11128,0.96,2.28,448562,38.8,91.74,REM,235531,20.37,52.51,11,REM,235531,20.37,52.51,11,REM,235531,20.37,52.51,11,REM,235531,20.37,52.51,11,REM,235531,20.37,52.51,11,REM,235531,20.37,52.51,11,REM,235531,20.37,52.51,11,REM,235531,20.37,52.51,11,REM,235531,20.37,52.51,11,REM,235531,20.37,52.51,11,REM,235531,20.37,52.51,11,REM,235531,20.37,52.51,11,REM,235531,20.37,52.51,11,REM,235531,20.37,52.51,11,REM,235531,20.37,52.51,11,REM,235531.0,20.37,52.51,LR,139234.0,12.04,31.04,FI,21498.0,1.86,4.79
70,Haute-Saône,179183,91075,50.83,88108,49.17,6365,3.55,7.22,4101,2.29,4.65,77642,43.33,88.12,REM,45472,25.38,58.57,2,REM,45472,25.38,58.57,2,REM,45472,25.38,58.57,2,REM,45472,25.38,58.57,2,REM,45472,25.38,58.57,2,REM,45472,25.38,58.57,2,REM,45472,25.38,58.57,2,REM,45472,25.38,58.57,2,REM,45472,25.38,58.57,2,REM,45472,25.38,58.57,2,REM,45472,25.38,58.57,2,REM,45472,25.38,58.57,2,REM,45472,25.38,58.57,2,REM,45472,25.38,58.57,2,REM,45472,25.38,58.57,2,REM,45472.0,25.38,58.57,FN,32170.0,17.95,41.43,,,,
71,Saône-et-Loire,406284,233405,57.45,172879,42.55,14618,3.6,8.46,6279,1.55,3.63,151982,37.41,87.91,REM,79568,19.58,52.35,3,REM,79568,19.58,52.35,3,REM,79568,19.58,52.35,3,REM,79568,19.58,52.35,3,REM,79568,19.58,52.35,3,REM,79568,19.58,52.35,3,REM,79568,19.58,52.35,3,REM,79568,19.58,52.35,3,REM,79568,19.58,52.35,3,REM,79568,19.58,52.35,3,REM,79568,19.58,52.35,3,REM,79568,19.58,52.35,3,REM,79568,19.58,52.35,3,REM,79568,19.58,52.35,3,REM,79568,19.58,52.35,3,REM,79568.0,19.58,52.35,LR,55887.0,13.76,36.77,SOC,16527.0,4.07,10.87
72,Sarthe,405568,235663,58.11,169905,41.89,14851,3.66,8.74,4035,0.99,2.37,151019,37.24,88.88,LR,59117,14.58,39.15,1,LR,59117,14.58,39.15,1,LR,59117,14.58,39.15,1,LR,59117,14.58,39.15,1,LR,59117,14.58,39.15,1,LR,59117,14.58,39.15,1,LR,59117,14.58,39.15,1,LR,59117,14.58,39.15,1,LR,59117,14.58,39.15,1,LR,59117,14.58,39.15,1,LR,59117,14.58,39.15,1,LR,59117,14.58,39.15,1,LR,59117,14.58,39.15,1,LR,59117,14.58,39.15,1,LR,59117,14.58,39.15,1,LR,59117.0,14.58,39.15,REM,57593.0,14.2,38.14,SOC,34309.0,8.46,22.72
73,Savoie,310469,182353,58.73,128116,41.27,9826,3.16,7.67,4043,1.3,3.16,114247,36.8,89.17,LR,47708,15.37,41.76,2,LR,47708,15.37,41.76,2,LR,47708,15.37,41.76,2,LR,47708,15.37,41.76,2,LR,47708,15.37,41.76,2,LR,47708,15.37,41.76,2,LR,47708,15.37,41.76,2,LR,47708,15.37,41.76,2,LR,47708,15.37,41.76,2,LR,47708,15.37,41.76,2,LR,47708,15.37,41.76,2,LR,47708,15.37,41.76,2,LR,47708,15.37,41.76,2,LR,47708,15.37,41.76,2,LR,47708,15.37,41.76,2,LR,47708.0,15.37,41.76,REM,32131.0,10.35,28.12,MDM,13293.0,4.28,11.64
74,Haute-Savoie,536994,317940,59.21,219054,40.79,12301,2.29,5.62,3866,0.72,1.76,202887,37.78,92.62,REM,109573,20.4,54.01,4,REM,109573,20.4,54.01,4,REM,109573,20.4,54.01,4,REM,109573,20.4,54.01,4,REM,109573,20.4,54.01,4,REM,109573,20.4,54.01,4,REM,109573,20.4,54.01,4,REM,109573,20.4,54.01,4,REM,109573,20.4,54.01,4,REM,109573,20.4,54.01,4,REM,109573,20.4,54.01,4,REM,109573,20.4,54.01,4,REM,109573,20.4,54.01,4,REM,109573,20.4,54.01,4,REM,109573,20.4,54.01,4,REM,109573.0,20.4,54.01,LR,77933.0,14.51,38.41,DVD,15381.0,2.86,7.58
75,Paris,1221304,634589,51.96,586715,48.04,36577,2.99,6.23,11240,0.92,1.92,538898,44.12,91.85,REM,250404,20.5,46.47,11,REM,250404,20.5,46.47,11,REM,250404,20.5,46.47,11,REM,250404,20.5,46.47,11,REM,250404,20.5,46.47,11,REM,250404,20.5,46.47,11,REM,250404,20.5,46.47,11,REM,250404,20.5,46.47,11,REM,250404,20.5,46.47,11,REM,250404,20.5,46.47,11,REM,250404,20.5,46.47,11,REM,250404,20.5,46.47,11,REM,250404,20.5,46.47,11,REM,250404,20.5,46.47,11,REM,250404,20.5,46.47,11,REM,250404.0,20.5,46.47,LR,119284.0,9.77,22.13,FI,80962.0,6.63,15.02
76,Seine-Maritime,880635,503439,57.17,377196,42.83,29123,3.31,7.72,8372,0.95,2.22,339701,38.57,90.06,REM,149011,16.92,43.87,5,REM,149011,16.92,43.87,5,REM,149011,16.92,43.87,5,REM,149011,16.92,43.87,5,REM,149011,16.92,43.87,5,REM,149011,16.92,43.87,5,REM,149011,16.92,43.87,5,REM,149011,16.92,43.87,5,REM,149011,16.92,43.87,5,REM,149011,16.92,43.87,5,REM,149011,16.92,43.87,5,REM,149011,16.92,43.87,5,REM,149011,16.92,43.87,5,REM,149011,16.92,43.87,5,REM,149011,16.92,43.87,5,REM,149011.0,16.92,43.87,COM,55024.0,6.25,16.2,FN,44226.0,5.02,13.02
77,Seine-et-Marne,881512,540929,61.36,340583,38.64,24507,2.78,7.2,8161,0.93,2.4,307915,34.93,90.41,REM,116508,13.22,37.84,4,REM,116508,13.22,37.84,4,REM,116508,13.22,37.84,4,REM,116508,13.22,37.84,4,REM,116508,13.22,37.84,4,REM,116508,13.22,37.84,4,REM,116508,13.22,37.84,4,REM,116508,13.22,37.84,4,REM,116508,13.22,37.84,4,REM,116508,13.22,37.84,4,REM,116508,13.22,37.84,4,REM,116508,13.22,37.84,4,REM,116508,13.22,37.84,4,REM,116508,13.22,37.84,4,REM,116508,13.22,37.84,4,REM,116508.0,13.22,37.84,LR,105826.0,12.01,34.37,FN,28995.0,3.29,9.42
78,Yvelines,951384,520248,54.68,431136,45.32,24891,2.62,5.77,8028,0.84,1.86,398217,41.86,92.36,REM,192269,20.21,48.28,9,REM,192269,20.21,48.28,9,REM,192269,20.21,48.28,9,REM,192269,20.21,48.28,9,REM,192269,20.21,48.28,9,REM,192269,20.21,48.28,9,REM,192269,20.21,48.28,9,REM,192269,20.21,48.28,9,REM,192269,20.21,48.28,9,REM,192269,20.21,48.28,9,REM,192269,20.21,48.28,9,REM,192269,20.21,48.28,9,REM,192269,20.21,48.28,9,REM,192269,20.21,48.28,9,REM,192269,20.21,48.28,9,REM,192269.0,20.21,48.28,LR,143787.0,15.11,36.11,MDM,34682.0,3.65,8.71
79,Deux-Sèvres,272401,147809,54.26,124592,45.74,6816,2.5,5.47,3321,1.22,2.67,114455,42.02,91.86,REM,61198,22.47,53.47,2,REM,61198,22.47,53.47,2,REM,61198,22.47,53.47,2,REM,61198,22.47,53.47,2,REM,61198,22.47,53.47,2,REM,61198,22.47,53.47,2,REM,61198,22.47,53.47,2,REM,61198,22.47,53.47,2,REM,61198,22.47,53.47,2,REM,61198,22.47,53.47,2,REM,61198,22.47,53.47,2,REM,61198,22.47,53.47,2,REM,61198,22.47,53.47,2,REM,61198,22.47,53.47,2,REM,61198,22.47,53.47,2,REM,61198.0,22.47,53.47,SOC,24970.0,9.17,21.82,FI,14987.0,5.5,13.09
80,Somme,327564,178369,54.45,149195,45.55,11242,3.43,7.54,4716,1.44,3.16,133237,40.68,89.3,REM,67356,20.56,50.55,2,REM,67356,20.56,50.55,2,REM,67356,20.56,50.55,2,REM,67356,20.56,50.55,2,REM,67356,20.56,50.55,2,REM,67356,20.56,50.55,2,REM,67356,20.56,50.55,2,REM,67356,20.56,50.55,2,REM,67356,20.56,50.55,2,REM,67356,20.56,50.55,2,REM,67356,20.56,50.55,2,REM,67356,20.56,50.55,2,REM,67356,20.56,50.55,2,REM,67356,20.56,50.55,2,REM,67356,20.56,50.55,2,REM,67356.0,20.56,50.55,FI,30382.0,9.28,22.8,LR,20688.0,6.32,15.53
81,Tarn,291206,149606,51.37,141600,48.63,11914,4.09,8.41,6597,2.27,4.66,123089,42.27,86.93,REM,51898,17.82,42.16,2,REM,51898,17.82,42.16,2,REM,51898,17.82,42.16,2,REM,51898,17.82,42.16,2,REM,51898,17.82,42.16,2,REM,51898,17.82,42.16,2,REM,51898,17.82,42.16,2,REM,51898,17.82,42.16,2,REM,51898,17.82,42.16,2,REM,51898,17.82,42.16,2,REM,51898,17.82,42.16,2,REM,51898,17.82,42.16,2,REM,51898,17.82,42.16,2,REM,51898,17.82,42.16,2,REM,51898,17.82,42.16,2,REM,51898.0,17.82,42.16,FN,25201.0,8.65,20.47,DVD,24959.0,8.57,20.28
82,Tarn-et-Garonne,183298,97152,53.0,86146,47.0,7208,3.93,8.37,3864,2.11,4.49,75074,40.96,87.15,RDG,21398,11.67,28.5,1,RDG,21398,11.67,28.5,1,RDG,21398,11.67,28.5,1,RDG,21398,11.67,28.5,1,RDG,21398,11.67,28.5,1,RDG,21398,11.67,28.5,1,RDG,21398,11.67,28.5,1,RDG,21398,11.67,28.5,1,RDG,21398,11.67,28.5,1,RDG,21398,11.67,28.5,1,RDG,21398,11.67,28.5,1,RDG,21398,11.67,28.5,1,RDG,21398,11.67,28.5,1,RDG,21398,11.67,28.5,1,RDG,21398,11.67,28.5,1,RDG,21398.0,11.67,28.5,SOC,20053.0,10.94,26.71,FN,17230.0,9.4,22.95
83,Var,794792,470792,59.23,324000,40.77,20610,2.59,6.36,7485,0.94,2.31,295905,37.23,91.33,REM,139766,17.59,47.23,5,REM,139766,17.59,47.23,5,REM,139766,17.59,47.23,5,REM,139766,17.59,47.23,5,REM,139766,17.59,47.23,5,REM,139766,17.59,47.23,5,REM,139766,17.59,47.23,5,REM,139766,17.59,47.23,5,REM,139766,17.59,47.23,5,REM,139766,17.59,47.23,5,REM,139766,17.59,47.23,5,REM,139766,17.59,47.23,5,REM,139766,17.59,47.23,5,REM,139766,17.59,47.23,5,REM,139766,17.59,47.23,5,REM,139766.0,17.59,47.23,FN,102060.0,12.84,34.49,LR,34018.0,4.28,11.5
84,Vaucluse,402551,227553,56.53,174998,43.47,12400,3.08,7.09,4500,1.12,2.57,158098,39.27,90.34,REM,79899,19.85,50.54,2,REM,79899,19.85,50.54,2,REM,79899,19.85,50.54,2,REM,79899,19.85,50.54,2,REM,79899,19.85,50.54,2,REM,79899,19.85,50.54,2,REM,79899,19.85,50.54,2,REM,79899,19.85,50.54,2,REM,79899,19.85,50.54,2,REM,79899,19.85,50.54,2,REM,79899,19.85,50.54,2,REM,79899,19.85,50.54,2,REM,79899,19.85,50.54,2,REM,79899,19.85,50.54,2,REM,79899,19.85,50.54,2,REM,79899.0,19.85,50.54,LR,32783.0,8.14,20.74,FN,26382.0,6.55,16.69
85,Vendée,514507,287123,55.81,227384,44.19,14615,2.84,6.43,6669,1.3,2.93,206100,40.06,90.64,REM,72068,14.01,34.97,3,REM,72068,14.01,34.97,3,REM,72068,14.01,34.97,3,REM,72068,14.01,34.97,3,REM,72068,14.01,34.97,3,REM,72068,14.01,34.97,3,REM,72068,14.01,34.97,3,REM,72068,14.01,34.97,3,REM,72068,14.01,34.97,3,REM,72068,14.01,34.97,3,REM,72068,14.01,34.97,3,REM,72068,14.01,34.97,3,REM,72068,14.01,34.97,3,REM,72068,14.01,34.97,3,REM,72068,14.01,34.97,3,REM,72068.0,14.01,34.97,LR,56060.0,10.9,27.2,MDM,47765.0,9.28,23.18
86,Vienne,306765,171402,55.87,135363,44.13,10964,3.57,8.1,5071,1.65,3.75,119328,38.9,88.15,REM,59102,19.27,49.53,3,REM,59102,19.27,49.53,3,REM,59102,19.27,49.53,3,REM,59102,19.27,49.53,3,REM,59102,19.27,49.53,3,REM,59102,19.27,49.53,3,REM,59102,19.27,49.53,3,REM,59102,19.27,49.53,3,REM,59102,19.27,49.53,3,REM,59102,19.27,49.53,3,REM,59102,19.27,49.53,3,REM,59102,19.27,49.53,3,REM,59102,19.27,49.53,3,REM,59102,19.27,49.53,3,REM,59102,19.27,49.53,3,REM,59102.0,19.27,49.53,MDM,14508.0,4.73,12.16,UDI,13752.0,4.48,11.52
87,Haute-Vienne,265262,134567,50.73,130695,49.27,9696,3.66,7.42,6706,2.53,5.13,114293,43.09,87.45,REM,65543,24.71,57.35,3,REM,65543,24.71,57.35,3,REM,65543,24.71,57.35,3,REM,65543,24.71,57.35,3,REM,65543,24.71,57.35,3,REM,65543,24.71,57.35,3,REM,65543,24.71,57.35,3,REM,65543,24.71,57.35,3,REM,65543,24.71,57.35,3,REM,65543,24.71,57.35,3,REM,65543,24.71,57.35,3,REM,65543,24.71,57.35,3,REM,65543,24.71,57.35,3,REM,65543,24.71,57.35,3,REM,65543,24.71,57.35,3,REM,65543.0,24.71,57.35,COM,20139.0,7.59,17.62,FI,15943.0,6.01,13.95
88,Vosges,282546,154227,54.58,128319,45.42,9692,3.43,7.55,4890,1.73,3.81,113737,40.25,88.64,LR,46677,16.52,41.04,3,LR,46677,16.52,41.04,3,LR,46677,16.52,41.04,3,LR,46677,16.52,41.04,3,LR,46677,16.52,41.04,3,LR,46677,16.52,41.04,3,LR,46677,16.52,41.04,3,LR,46677,16.52,41.04,3,LR,46677,16.52,41.04,3,LR,46677,16.52,41.04,3,LR,46677,16.52,41.04,3,LR,46677,16.52,41.04,3,LR,46677,16.52,41.04,3,LR,46677,16.52,41.04,3,LR,46677,16.52,41.04,3,LR,46677.0,16.52,41.04,REM,37604.0,13.31,33.06,DVD,16547.0,5.86,14.55
89,Yonne,241749,130784,54.1,110965,45.9,8031,3.32,7.24,2755,1.14,2.48,100179,41.44,90.28,REM,50005,20.68,49.92,1,REM,50005,20.68,49.92,1,REM,50005,20.68,49.92,1,REM,50005,20.68,49.92,1,REM,50005,20.68,49.92,1,REM,50005,20.68,49.92,1,REM,50005,20.68,49.92,1,REM,50005,20.68,49.92,1,REM,50005,20.68,49.92,1,REM,50005,20.68,49.92,1,REM,50005,20.68,49.92,1,REM,50005,20.68,49.92,1,REM,50005,20.68,49.92,1,REM,50005,20.68,49.92,1,REM,50005,20.68,49.92,1,REM,50005.0,20.68,49.92,LR,18243.0,7.55,18.21,FN,16020.0,6.63,15.99
90,Territoire de Belfort,95333,53193,55.8,42140,44.2,3650,3.83,8.66,1719,1.8,4.08,36771,38.57,87.26,UDI,9815,10.3,26.69,1,UDI,9815,10.3,26.69,1,UDI,9815,10.3,26.69,1,UDI,9815,10.3,26.69,1,UDI,9815,10.3,26.69,1,UDI,9815,10.3,26.69,1,UDI,9815,10.3,26.69,1,UDI,9815,10.3,26.69,1,UDI,9815,10.3,26.69,1,UDI,9815,10.3,26.69,1,UDI,9815,10.3,26.69,1,UDI,9815,10.3,26.69,1,UDI,9815,10.3,26.69,1,UDI,9815,10.3,26.69,1,UDI,9815,10.3,26.69,1,UDI,9815.0,10.3,26.69,LR,9410.0,9.87,25.59,MDM,9131.0,9.58,24.83
91,Essonne,794894,459391,57.79,335503,42.21,24303,3.06,7.24,8834,1.11,2.63,302366,38.04,90.12,REM,137764,17.33,45.56,6,REM,137764,17.33,45.56,6,REM,137764,17.33,45.56,6,REM,137764,17.33,45.56,6,REM,137764,17.33,45.56,6,REM,137764,17.33,45.56,6,REM,137764,17.33,45.56,6,REM,137764,17.33,45.56,6,REM,137764,17.33,45.56,6,REM,137764,17.33,45.56,6,REM,137764,17.33,45.56,6,REM,137764,17.33,45.56,6,REM,137764,17.33,45.56,6,REM,137764,17.33,45.56,6,REM,137764,17.33,45.56,6,REM,137764.0,17.33,45.56,LR,71921.0,9.05,23.79,FI,37420.0,4.71,12.38
92,Hauts-de-Seine,983053,525782,53.48,457271,46.52,32410,3.3,7.09,5522,0.56,1.21,419339,42.66,91.7,REM,204651,20.82,48.8,9,REM,204651,20.82,48.8,9,REM,204651,20.82,48.8,9,REM,204651,20.82,48.8,9,REM,204651,20.82,48.8,9,REM,204651,20.82,48.8,9,REM,204651,20.82,48.8,9,REM,204651,20.82,48.8,9,REM,204651,20.82,48.8,9,REM,204651,20.82,48.8,9,REM,204651,20.82,48.8,9,REM,204651,20.82,48.8,9,REM,204651,20.82,48.8,9,REM,204651,20.82,48.8,9,REM,204651,20.82,48.8,9,REM,204651.0,20.82,48.8,LR,140473.0,14.29,33.5,MDM,23705.0,2.41,5.65
93,Seine-Saint-Denis,768469,504340,65.63,264129,34.37,16744,2.18,6.34,5854,0.76,2.22,241531,31.43,91.44,REM,112373,14.62,46.53,3,REM,112373,14.62,46.53,3,REM,112373,14.62,46.53,3,REM,112373,14.62,46.53,3,REM,112373,14.62,46.53,3,REM,112373,14.62,46.53,3,REM,112373,14.62,46.53,3,REM,112373,14.62,46.53,3,REM,112373,14.62,46.53,3,REM,112373,14.62,46.53,3,REM,112373,14.62,46.53,3,REM,112373,14.62,46.53,3,REM,112373,14.62,46.53,3,REM,112373,14.62,46.53,3,REM,112373,14.62,46.53,3,REM,112373.0,14.62,46.53,FI,78000.0,10.15,32.29,UDI,21788.0,2.84,9.02
94,Val-de-Marne,786565,461562,58.68,325003,41.32,21451,2.73,6.6,7445,0.95,2.29,296107,37.65,91.11,REM,135367,17.21,45.72,6,REM,135367,17.21,45.72,6,REM,135367,17.21,45.72,6,REM,135367,17.21,45.72,6,REM,135367,17.21,45.72,6,REM,135367,17.21,45.72,6,REM,135367,17.21,45.72,6,REM,135367,17.21,45.72,6,REM,135367,17.21,45.72,6,REM,135367,17.21,45.72,6,REM,135367,17.21,45.72,6,REM,135367,17.21,45.72,6,REM,135367,17.21,45.72,6,REM,135367,17.21,45.72,6,REM,135367,17.21,45.72,6,REM,135367.0,17.21,45.72,LR,88598.0,11.26,29.92,FI,33458.0,4.25,11.3
95,Val-d'Oise,731295,460462,62.97,270833,37.03,19473,2.66,7.19,7361,1.01,2.72,243999,33.37,90.09,REM,112874,15.43,46.26,8,REM,112874,15.43,46.26,8,REM,112874,15.43,46.26,8,REM,112874,15.43,46.26,8,REM,112874,15.43,46.26,8,REM,112874,15.43,46.26,8,REM,112874,15.43,46.26,8,REM,112874,15.43,46.26,8,REM,112874,15.43,46.26,8,REM,112874,15.43,46.26,8,REM,112874,15.43,46.26,8,REM,112874,15.43,46.26,8,REM,112874,15.43,46.26,8,REM,112874,15.43,46.26,8,REM,112874,15.43,46.26,8,REM,112874.0,15.43,46.26,LR,82700.0,11.31,33.89,SOC,18699.0,2.56,7.66
ZA,Guadeloupe,316128,219229,69.35,96899,30.65,4093,1.29,4.22,5541,1.75,5.72,87265,27.6,90.06,DVG,42866,13.56,49.12,2,DVG,42866,13.56,49.12,2,DVG,42866,13.56,49.12,2,DVG,42866,13.56,49.12,2,DVG,42866,13.56,49.12,2,DVG,42866,13.56,49.12,2,DVG,42866,13.56,49.12,2,DVG,42866,13.56,49.12,2,DVG,42866,13.56,49.12,2,DVG,42866,13.56,49.12,2,DVG,42866,13.56,49.12,2,DVG,42866,13.56,49.12,2,DVG,42866,13.56,49.12,2,DVG,42866,13.56,49.12,2,DVG,42866,13.56,49.12,2,DVG,42866.0,13.56,49.12,REM,22646.0,7.16,25.95,SOC,13403.0,4.24,15.36
ZB,Martinique,310225,213050,68.68,97175,31.32,4165,1.34,4.29,3690,1.19,3.8,89320,28.79,91.92,DVG,52395,16.89,58.66,3,DVG,52395,16.89,58.66,3,DVG,52395,16.89,58.66,3,DVG,52395,16.89,58.66,3,DVG,52395,16.89,58.66,3,DVG,52395,16.89,58.66,3,DVG,52395,16.89,58.66,3,DVG,52395,16.89,58.66,3,DVG,52395,16.89,58.66,3,DVG,52395,16.89,58.66,3,DVG,52395,16.89,58.66,3,DVG,52395,16.89,58.66,3,DVG,52395,16.89,58.66,3,DVG,52395,16.89,58.66,3,DVG,52395,16.89,58.66,3,DVG,52395.0,16.89,58.66,REG,20120.0,6.49,22.53,DIV,9851.0,3.18,11.03
ZC,Guyane,93084,63534,68.25,29550,31.75,955,1.03,3.23,609,0.65,2.06,27986,30.07,94.71,REM,13826,14.85,49.4,1,REM,13826,14.85,49.4,1,REM,13826,14.85,49.4,1,REM,13826,14.85,49.4,1,REM,13826,14.85,49.4,1,REM,13826,14.85,49.4,1,REM,13826,14.85,49.4,1,REM,13826,14.85,49.4,1,REM,13826,14.85,49.4,1,REM,13826,14.85,49.4,1,REM,13826,14.85,49.4,1,REM,13826,14.85,49.4,1,REM,13826,14.85,49.4,1,REM,13826,14.85,49.4,1,REM,13826,14.85,49.4,1,REM,13826.0,14.85,49.4,DVG,7546.0,8.11,26.96,REG,6614.0,7.11,23.63
ZD,La Réunion,640339,382006,59.66,258333,40.34,14319,2.24,5.54,16895,2.64,6.54,227119,35.47,87.92,LR,86773,13.55,38.21,3,LR,86773,13.55,38.21,3,LR,86773,13.55,38.21,3,LR,86773,13.55,38.21,3,LR,86773,13.55,38.21,3,LR,86773,13.55,38.21,3,LR,86773,13.55,38.21,3,LR,86773,13.55,38.21,3,LR,86773,13.55,38.21,3,LR,86773,13.55,38.21,3,LR,86773,13.55,38.21,3,LR,86773,13.55,38.21,3,LR,86773,13.55,38.21,3,LR,86773,13.55,38.21,3,LR,86773,13.55,38.21,3,LR,86773.0,13.55,38.21,DVG,58353.0,9.11,25.69,DVD,29557.0,4.62,13.01
ZM,Mayotte,82801,43303,52.3,39498,47.7,1286,1.55,3.26,2315,2.8,5.86,35897,43.35,90.88,LR,20839,25.17,58.05,1,LR,20839,25.17,58.05,1,LR,20839,25.17,58.05,1,LR,20839,25.17,58.05,1,LR,20839,25.17,58.05,1,LR,20839,25.17,58.05,1,LR,20839,25.17,58.05,1,LR,20839,25.17,58.05,1,LR,20839,25.17,58.05,1,LR,20839,25.17,58.05,1,LR,20839,25.17,58.05,1,LR,20839,25.17,58.05,1,LR,20839,25.17,58.05,1,LR,20839,25.17,58.05,1,LR,20839,25.17,58.05,1,LR,20839.0,25.17,58.05,SOC,7992.0,9.65,22.26,MDM,7066.0,8.53,19.68
ZN,Nouvelle-Calédonie,189780,102535,54.03,87245,45.97,3653,1.92,4.19,1622,0.85,1.86,81970,43.19,93.95,DVD,30000,15.81,36.6,1,DVD,30000,15.81,36.6,1,DVD,30000,15.81,36.6,1,DVD,30000,15.81,36.6,1,DVD,30000,15.81,36.6,1,DVD,30000,15.81,36.6,1,DVD,30000,15.81,36.6,1,DVD,30000,15.81,36.6,1,DVD,30000,15.81,36.6,1,DVD,30000,15.81,36.6,1,DVD,30000,15.81,36.6,1,DVD,30000,15.81,36.6,1,DVD,30000,15.81,36.6,1,DVD,30000,15.81,36.6,1,DVD,30000,15.81,36.6,1,DVD,30000.0,15.81,36.6,UDI,28557.0,15.05,34.84,REG,23413.0,12.34,28.56
ZP,Polynésie française,203716,107537,52.79,96179,47.21,1830,0.9,1.9,2165,1.06,2.25,92184,45.25,95.85,DVD,53653,26.34,58.2,1,DVD,53653,26.34,58.2,1,DVD,53653,26.34,58.2,1,DVD,53653,26.34,58.2,1,DVD,53653,26.34,58.2,1,DVD,53653,26.34,58.2,1,DVD,53653,26.34,58.2,1,DVD,53653,26.34,58.2,1,DVD,53653,26.34,58.2,1,DVD,53653,26.34,58.2,1,DVD,53653,26.34,58.2,1,DVD,53653,26.34,58.2,1,DVD,53653,26.34,58.2,1,DVD,53653,26.34,58.2,1,DVD,53653,26.34,58.2,1,DVD,53653.0,26.34,58.2,UDI,21928.0,10.76,23.79,REG,16603.0,8.15,18.01
ZS,Saint-Pierre-et-Miquelon,4974,1226,24.65,3748,75.35,62,1.25,1.65,50,1.01,1.33,3636,73.1,97.01,RDG,1886,37.92,51.87,1,RDG,1886,37.92,51.87,1,RDG,1886,37.92,51.87,1,RDG,1886,37.92,51.87,1,RDG,1886,37.92,51.87,1,RDG,1886,37.92,51.87,1,RDG,1886,37.92,51.87,1,RDG,1886,37.92,51.87,1,RDG,1886,37.92,51.87,1,RDG,1886,37.92,51.87,1,RDG,1886,37.92,51.87,1,RDG,1886,37.92,51.87,1,RDG,1886,37.92,51.87,1,RDG,1886,37.92,51.87,1,RDG,1886,37.92,51.87,1,RDG,1886.0,37.92,51.87,DIV,1750.0,35.18,48.13,,,,
ZX,Saint-Martin/Saint-Barthélemy,25414,18778,73.89,6636,26.11,185,0.73,2.79,125,0.49,1.88,6326,24.89,95.33,LR,3462,13.62,54.73,1,LR,3462,13.62,54.73,1,LR,3462,13.62,54.73,1,LR,3462,13.62,54.73,1,LR,3462,13.62,54.73,1,LR,3462,13.62,54.73,1,LR,3462,13.62,54.73,1,LR,3462,13.62,54.73,1,LR,3462,13.62,54.73,1,LR,3462,13.62,54.73,1,LR,3462,13.62,54.73,1,LR,3462,13.62,54.73,1,LR,3462,13.62,54.73,1,LR,3462,13.62,54.73,1,LR,3462,13.62,54.73,1,LR,3462.0,13.62,54.73,REM,2864.0,11.27,45.27,,,,
ZZ,Français établis hors de France,1265237,1057201,83.56,208036,16.44,7099,0.56,3.41,2081,0.16,1.0,198856,15.72,95.59,REM,115642,9.14,58.15,8,REM,115642,9.14,58.15,8,REM,115642,9.14,58.15,8,REM,115642,9.14,58.15,8,REM,115642,9.14,58.15,8,REM,115642,9.14,58.15,8,REM,115642,9.14,58.15,8,REM,115642,9.14,58.15,8,REM,115642,9.14,58.15,8,REM,115642,9.14,58.15,8,REM,115642,9.14,58.15,8,REM,115642,9.14,58.15,8,REM,115642,9.14,58.15,8,REM,115642,9.14,58.15,8,REM,115642,9.14,58.15,8,REM,115642.0,9.14,58.15,LR,21511.0,1.7,10.82,SOC,14473.0,1.14,7.28
