DEP_CODE,DEP_NOM,2017,2018,2019,2020,2021,2022,2023,2024
01,Ain,7.293494897959184,6.887117346938775,6.582270408163265,6.481441326530612,6.284757653061225,5.784119897959184,5.797576530612245,5.948724489795919
02,Aisne,12.27092731829574,11.720363408521303,10.961591478696743,10.301378446115288,10.32468671679198,9.78374060150376,9.898778195488722,9.909816207184628
03,Allier,9.4602523659306,9.18225552050473,8.720741324921136,8.261671924290221,7.947870662460567,7.461198738170347,7.558675078864353,7.731756046267088
04,Alpes-de-Haute-Provence,10.524873737373738,10.201136363636362,9.540277777777778,8.924116161616162,8.817424242424243,8.254924242424243,8.19760101010101,8.146127946127946
05,Hautes-Alpes,8.617592592592592,8.334259259259259,7.822222222222223,7.611111111111111,7.8277777777777775,6.736111111111111,6.539814814814814,6.325925925925926
06,Alpes-Maritimes,9.74739263803681,9.30659509202454,8.662576687116564,8.67638036809816,8.4920245398773,7.3418711656441715,7.068558282208588,6.8531697341513285
07,Ardèche,10.455,10.160373134328358,9.528955223880597,9.044402985074626,8.923432835820895,8.355820895522388,8.341641791044777,8.241691542288557
08,Ardennes,10.921492204899778,10.276224944320713,9.816314031180402,9.386358574610243,9.256403118040089,9.052227171492206,9.34738307349666,9.575798069784705
09,Ariège,9.981595092024538,9.622239263803682,9.044171779141104,8.369171779141103,8.350613496932516,8.001303680981597,8.05260736196319,7.988445807770962
10,Aube,11.609628770301624,11.065603248259862,10.422563805104408,9.690951276102089,9.697331786542923,9.200754060324826,9.292807424593967,9.436349574632636
11,Aude,12.206408775981524,11.830889145496535,11.066570438799076,10.22690531177829,10.313106235565819,9.730658198614318,9.912124711316396,9.976982294072364
12,Aveyron,7.105701754385965,6.815087719298245,6.551403508771929,6.319561403508772,6.234999999999999,5.900438596491228,5.937105263157895,5.8756725146198825
13,Bouches-du-Rhône,10.903148148148148,10.502962962962963,9.759814814814815,9.10425925925926,8.96351851851852,8.462222222222223,8.378703703703703,8.361234567901235
14,Calvados,8.69559659090909,8.348863636363635,7.703361742424242,7.416714015151515,6.976988636363636,6.295549242424243,6.3768939393939394,6.588383838383839
15,Cantal,5.562601626016259,5.271951219512195,4.961382113821138,4.779878048780487,4.437195121951219,4.117276422764228,4.254674796747968,4.35609756097561
16,Charente,8.866184573002755,8.48099173553719,7.9993801652892556,7.65103305785124,7.329269972451791,6.794696969696969,6.7988292011019285,7.2527089072543625
17,Charente-Maritime,9.10097192224622,8.702267818574514,8.138714902807775,7.836987041036717,7.419438444924407,6.745572354211663,6.626889848812095,6.862419006479481
18,Cher,9.444163763066202,8.989372822299652,8.458188153310104,7.79425087108014,7.535365853658537,7.267682926829267,7.106533101045296,7.059001161440186
19,Corrèze,6.781362007168458,6.537365591397849,6.13673835125448,5.892831541218638,5.839426523297491,5.611379928315412,5.595430107526882,5.635005973715652
21,Côte-d'Or,7.673280802292263,7.205121776504298,6.7011461318051575,6.096561604584527,5.774641833810889,5.425107449856734,5.582414040114613,5.571155682903534
22,Côtes-d'Armor,8.395689655172413,7.936925287356322,7.4823994252873565,7.101149425287356,6.938218390804598,6.369181034482758,6.419612068965518,6.399616858237548
23,Creuse,8.42646484375,8.3708984375,7.7811523437500005,7.0591796875,6.959765625,6.875,6.91953125,7.059765625000001
24,Dordogne,9.490755467196818,8.983747514910537,8.4720675944334,7.97331013916501,7.5691351888668,7.1315109343936385,7.07286282306163,7.154009277667329
25,Doubs,8.07092819614711,7.516768826619964,7.335770577933449,7.248642732049038,6.976751313485114,6.303677758318739,6.328064798598949,6.704261529480443
26,Drôme,10.1517217630854,9.737258953168045,9.189118457300276,8.608539944903582,8.48099173553719,7.828512396694215,7.879752066115702,7.838292011019283
27,Eure,9.65940170940171,9.210641025641026,8.539102564102564,8.157606837606837,7.905,7.129102564102563,7.045940170940171,7.246210826210826
28,Eure-et-Loir,8.741986301369863,8.418904109589041,8.039452054794522,7.342671232876712,6.986164383561644,6.644726027397261,6.737739726027398,6.893881278538814
29,Finistère,8.262996389891697,7.895487364620939,7.408935018050542,7.033574007220216,6.809296028880867,6.26759927797834,6.350541516245488,6.328038507821902
2A,Corse-du-Sud,9.28709677419355,8.371975806451612,7.768548387096775,7.735483870967742,6.540322580645161,5.884879032258064,6.035282258064516,6.194892473118279
2B,Haute-Corse,9.648728813559321,9.30466101694915,8.38135593220339,7.839406779661018,6.879025423728813,6.3756355932203395,6.733898305084746,6.867796610169491
30,Gard,13.096652421652422,12.746723646723648,12.147720797720796,11.133119658119657,11.000641025641025,10.441880341880342,10.546581196581196,10.441120607787274
31,Haute-Garonne,8.83523890784983,8.33703071672355,7.834940273037542,7.574786689419795,7.686220136518771,7.178668941979522,7.096373720136519,7.180432309442549
32,Gers,7.8219088937093275,7.31583514099783,6.96529284164859,6.626518438177874,6.633676789587852,6.180965292841648,6.080531453362256,6.078741865509762
33,Gironde,9.31607476635514,8.78144859813084,8.179252336448597,7.674205607476635,7.338364485981309,6.751542056074766,6.615934579439252,6.903115264797507
34,Hérault,12.900292397660818,12.56330409356725,11.882675438596491,11.081505847953217,10.863596491228071,10.226169590643275,10.269883040935673,10.364522417153998
35,Ille-et-Vilaine,6.942267267267267,6.614189189189189,6.221471471471472,6.256006006006006,5.621771771771772,5.179129129129128,5.397447447447448,5.5649649649649655
36,Indre,9.130705394190871,8.789626556016596,8.213900414937758,7.883713692946058,7.563485477178424,7.105497925311203,6.953319502074689,7.014522821576763
37,Indre-et-Loire,8.412867647058825,7.98125,7.585477941176471,7.046875,6.704595588235294,6.327573529411764,6.417463235294117,6.484558823529412
38,Isère,7.850292968750001,7.405712890625,6.92958984375,6.650830078125,6.543701171875,5.930810546875,5.937158203125,6.034244791666667
39,Jura,6.907489878542511,6.540131578947368,6.298279352226721,5.890232793522268,5.471862348178138,5.1492914979757085,5.336740890688259,5.377597840755735
40,Landes,8.51834862385321,8.01360856269113,7.485015290519877,7.101911314984709,6.875993883792049,6.407186544342508,6.340443425076454,6.370540265035677
41,Loir-et-Cher,7.975374531835205,7.627808988764045,7.128370786516855,6.571910112359551,6.317977528089887,5.971629213483146,5.970880149812735,6.15892634207241
42,Loire,8.602786377708979,8.133823529411764,7.668111455108359,7.32515479876161,6.9831269349845195,6.468730650154799,6.665557275541795,6.924148606811145
43,Haute-Loire,7.577529182879378,7.2034046692607,6.73784046692607,6.31896887159533,6.108852140077822,5.756517509727626,5.775194552529183,5.79260700389105
44,Loire-Atlantique,7.4227053140096615,7.065821256038648,6.721135265700483,6.802657004830919,6.373792270531401,5.648671497584542,5.494927536231884,5.544122383252819
45,Loiret,9.449615384615385,9.11923076923077,8.765153846153845,8.008615384615386,7.734769230769231,7.521923076923077,7.6102307692307685,7.846666666666666
46,Lot,8.816932907348242,8.574760383386582,8.242092651757188,7.916214057507988,7.784025559105432,7.316613418530351,7.3646964856230035,7.401384451544196
47,Lot-et-Garonne,9.436598746081504,9.111050156739813,8.764811912225705,8.057758620689654,8.02539184952978,7.622257053291536,7.390517241379309,7.543364681295716
48,Lozère,6.845394736842105,6.581414473684211,6.15625,5.827796052631578,5.733388157894737,5.316611842105263,5.4194078947368425,5.531140350877193
49,Maine-et-Loire,8.629378531073447,8.215677966101694,7.760734463276837,7.6158192090395485,7.132344632768361,6.5864406779661016,6.408333333333334,6.520338983050847
50,Manche,7.2117415730337076,6.760393258426967,6.19005617977528,6.029269662921348,5.569101123595505,5.128314606741573,5.184606741573034,5.3354307116104875
51,Marne,9.043903436988543,8.518617021276595,7.966121112929624,7.638052373158756,7.546072013093289,7.204991816693944,7.351145662847791,7.480741953082379
52,Haute-Marne,7.833861502347418,7.491549295774648,6.925880281690142,6.716255868544601,6.340434272300469,5.969014084507042,6.15774647887324,6.246948356807512
53,Mayenne,6.324479166666666,5.977708333333334,5.715625,5.850104166666667,5.3565625,5.055625,4.9153125,5.159166666666667
54,Meurthe-et-Moselle,9.188832487309645,8.621996615905244,7.974957698815566,7.528722504230117,7.404060913705584,6.898773265651439,7.042808798646362,7.076536943034405
55,Meuse,9.368637274549098,8.910871743486975,8.204208416833668,7.681513026052104,7.760420841683366,7.488577154308618,7.579759519038077,7.804275217100868
56,Morbihan,7.966767068273092,7.543072289156626,7.042871485943775,6.733032128514057,6.330823293172691,5.764558232931727,5.834939759036145,5.851539491298527
57,Moselle,8.936137931034482,8.254896551724139,7.763965517241379,7.405413793103449,7.353689655172414,6.725724137931034,6.751931034482758,6.926252873563219
58,Nièvre,8.199838187702266,7.709061488673139,7.222815533980582,6.712702265372168,6.534627831715211,6.473139158576052,6.536974110032363,6.686623516720603
59,Nord,12.858063271604937,12.57469135802469,11.633641975308642,10.60841049382716,10.358217592592593,9.903819444444444,10.223958333333334,10.253497942386831
60,Oise,9.621354933726067,9.223085419734904,8.502761413843889,8.255964653902799,8.059351988217967,7.586782032400589,7.644698085419735,7.714432989690722
61,Orne,8.69064935064935,8.362857142857143,7.889220779220779,7.505844155844156,7.156818181818182,6.596623376623376,6.5825324675324675,6.873333333333333
62,Pas-de-Calais,10.270561797752809,9.897949438202247,9.11314606741573,8.378398876404495,7.946685393258427,7.348820224719101,7.558202247191011,7.595805243445692
63,Puy-de-Dôme,8.508189655172414,8.126239224137931,7.607435344827586,7.235452586206897,7.038092672413794,6.533028017241379,6.682273706896551,6.808548850574712
64,Pyrénées-Atlantiques,7.432188644688646,7.1430402930402925,6.691941391941392,6.383745421245421,6.140705128205128,5.589239926739927,5.512362637362638,5.691880341880341
65,Hautes-Pyrénées,9.919189765458421,9.413592750533049,8.937739872068232,8.729051172707889,8.3840618336887,7.679690831556504,7.5570362473347545,7.528997867803838
66,Pyrénées-Orientales,14.475,14.275,13.725,12.649999999999999,12.375,11.75,12.0,12.200000000000001
67,Bas-Rhin,7.728015564202335,7.146789883268483,6.788229571984436,6.610214007782101,6.362402723735408,5.843920233463035,5.8966439688715955,6.088391699092088
68,Haut-Rhin,8.71045081967213,8.057581967213116,7.731420765027322,7.718852459016393,7.568032786885246,6.706420765027322,6.799043715846994,7.071857923497267
69,Rhône,7.928623188405798,7.579528985507245,7.170471014492754,6.923731884057971,6.682065217391305,6.0226449275362315,6.0,6.1648550724637685
70,Haute-Saône,8.298933209647496,7.85213358070501,7.581122448979592,6.97778293135436,6.694202226345084,6.346753246753247,6.310343228200371,6.598268398268399
71,Saône-et-Loire,7.88479609929078,7.429166666666667,7.126462765957447,6.6072695035460995,6.194414893617021,5.979166666666667,6.15895390070922,6.18936170212766
72,Sarthe,8.66122881355932,8.257274011299435,7.975776836158191,7.807344632768362,7.39427966101695,6.810169491525424,6.650635593220338,6.906214689265536
73,Savoie,7.082692307692308,6.55,6.128663003663004,6.287087912087912,6.3003663003663,5.044322344322345,4.969505494505494,5.0547008547008545
74,Haute-Savoie,6.837007168458782,6.474731182795698,6.200806451612904,6.415860215053764,6.449641577060932,5.473028673835125,5.507885304659498,5.738231780167264
75,Paris,8.35,8.075,7.525,7.424999999999999,7.549999999999999,6.875,6.85,6.933333333333333
76,Seine-Maritime,10.018608757062147,9.51864406779661,8.924223163841809,8.54869350282486,8.052048022598871,7.257062146892656,7.204837570621469,7.438794726930319
77,Seine-et-Marne,7.8313116370808675,7.621745562130178,7.246745562130178,7.189891518737673,7.479930966469428,7.079043392504931,7.002712031558185,7.151939513477975
78,Yvelines,6.811196911196911,6.639478764478764,6.270849420849421,6.210038610038611,6.494208494208494,6.186389961389962,6.212355212355212,6.3424710424710415
79,Deux-Sèvres,7.2470703125,6.77734375,6.2232421875,6.0431640625,5.694921875,5.32578125,5.2984375,5.577343750000001
80,Somme,11.560136010362694,11.074870466321242,10.301262953367875,9.616126943005181,9.392810880829016,8.814863989637306,8.85916450777202,8.824136442141624
81,Tarn,9.760191082802548,9.298248407643312,8.668869426751593,8.013853503184713,7.8340764331210195,7.595621019108279,7.632882165605095,7.752866242038217
82,Tarn-et-Garonne,11.074743589743589,10.674358974358974,10.116538461538463,9.58474358974359,9.898333333333333,9.35897435897436,9.363205128205129,9.57128205128205
83,Var,10.83937908496732,10.476797385620916,9.697385620915034,9.064705882352941,8.791339869281046,8.041503267973855,7.970261437908497,7.844662309368192
84,Vaucluse,10.881953642384106,10.48162251655629,9.856456953642384,9.217218543046357,9.118046357615894,8.516059602649007,8.53294701986755,8.503532008830021
85,Vendée,7.574607843137255,7.113235294117647,6.802843137254902,6.78343137254902,6.1505882352941175,5.496764705882352,5.433921568627451,5.650196078431373
86,Vienne,7.696804511278195,7.400187969924812,6.874436090225563,6.626315789473684,6.412406015037594,6.009774436090225,6.074436090225563,6.3804511278195495
87,Haute-Vienne,8.354871794871794,7.922435897435897,7.456153846153846,7.056923076923076,6.776923076923077,6.389615384615384,6.386794871794872,6.684615384615385
88,Vosges,9.789940828402367,9.169378698224852,8.65552268244576,8.12233727810651,7.797287968441815,7.29930966469428,7.582544378698224,7.624391847468771
89,Yonne,8.569089834515367,8.083037825059101,7.7072104018912535,7.08031914893617,6.904787234042553,6.59692671394799,6.8429078014184395,7.169188337273445
90,Territoire de Belfort,9.707920792079207,9.23292079207921,9.014851485148515,8.877227722772277,8.75321782178218,8.046782178217821,8.248762376237625,8.66105610561056
91,Essonne,6.804639175257733,6.595231958762886,6.264561855670103,6.262371134020618,6.356958762886598,5.997809278350516,5.964046391752578,6.094158075601374
92,Hauts-de-Seine,8.35,8.075,7.525000000000001,7.425000000000001,7.550000000000001,6.875,6.85,6.933333333333334
93,Seine-Saint-Denis,8.84,8.544999999999998,7.970000000000001,7.875,8.025,7.345000000000001,7.3199999999999985,7.3933333333333335
94,Val-de-Marne,8.35,8.075,7.525,7.424999999999999,7.549999999999999,6.875,6.85,6.933333333333334
95,Val-d'Oise,8.978668478260868,8.703125,8.127853260869566,8.101222826086957,8.350951086956522,7.767663043478261,7.7430706521739125,7.820833333333333
971,Guadeloupe,22.62578125,23.0828125,21.17421875,17.66796875,17.5421875,19.04140625,19.003125,17.467708333333334
972,Martinique,18.41985294117647,17.933088235294118,15.586029411764704,12.823529411764707,13.365441176470588,12.94264705882353,11.160294117647059,12.239215686274509
974,La Réunion,23.64270833333333,25.005208333333332,22.130208333333332,17.96875,18.632291666666667,18.698958333333334,19.838541666666668,18.287499999999998
